source,target,relation
Event::0_Webinar:_PM_in_a_Startup_Setting_by_Alexa_Product_Lead,Date::2020-04-20T00:00:00,Event-occursOn-Date
Event::0_Webinar:_PM_in_a_Startup_Setting_by_Alexa_Product_Lead,Time::00:00:00,Event-scheduledAt-Time
Event::0_Webinar:_PM_in_a_Startup_Setting_by_Alexa_Product_Lead,Venue::San-Francisco,Event-heldAt-Venue
Event::0_Webinar:_PM_in_a_Startup_Setting_by_Alexa_Product_Lead,Host::Product_School_Bangalore,Event-hostedBy-Host
Event::0_Webinar:_PM_in_a_Startup_Setting_by_Alexa_Product_Lead,"OccasionType::Technology,business",Event-for-OccasionType
Event::1_Live_SouJava-_Microservice_Patterns_-_Implemented_by_Eclipse_Microprofile,Date::2020-04-20T07:00:00,Event-occursOn-Date
Event::1_Live_SouJava-_Microservice_Patterns_-_Implemented_by_Eclipse_Microprofile,Time::07:00:00,Event-scheduledAt-Time
Event::1_Live_SouJava-_Microservice_Patterns_-_Implemented_by_Eclipse_Microprofile,Venue::San-Francisco,Event-heldAt-Venue
Event::1_Live_SouJava-_Microservice_Patterns_-_Implemented_by_Eclipse_Microprofile,Host::SouJava,Event-hostedBy-Host
Event::1_Live_SouJava-_Microservice_Patterns_-_Implemented_by_Eclipse_Microprofile,"OccasionType::Technology,business",Event-for-OccasionType
Event::2_enterprise:CODE_2020,Date::2020-04-20T07:30:00,Event-occursOn-Date
Event::2_enterprise:CODE_2020,Time::07:30:00,Event-scheduledAt-Time
Event::2_enterprise:CODE_2020,Venue::San-Francisco,Event-heldAt-Venue
Event::2_enterprise:CODE_2020,Host::DevOps_|_CODE_Event_Series,Event-hostedBy-Host
Event::2_enterprise:CODE_2020,"OccasionType::Technology,business",Event-for-OccasionType
Event::3_Certified_CISO,Date::2020-04-20T08:00:00,Event-occursOn-Date
Event::3_Certified_CISO,Time::08:00:00,Event-scheduledAt-Time
Event::3_Certified_CISO,Venue::San-Francisco,Event-heldAt-Venue
Event::3_Certified_CISO,Host::DC_Cybersecurity_Training,Event-hostedBy-Host
Event::3_Certified_CISO,"OccasionType::Technology,business",Event-for-OccasionType
Event::4_Certified_Ethical_Hacker_(CEH),Date::2020-04-20T08:00:00,Event-occursOn-Date
Event::4_Certified_Ethical_Hacker_(CEH),Time::08:00:00,Event-scheduledAt-Time
Event::4_Certified_Ethical_Hacker_(CEH),Venue::San-Francisco,Event-heldAt-Venue
Event::4_Certified_Ethical_Hacker_(CEH),Host::DC_Cybersecurity_Training,Event-hostedBy-Host
Event::4_Certified_Ethical_Hacker_(CEH),"OccasionType::Technology,business",Event-for-OccasionType
Event::5_A4Q_AI_&_SOFTWARE_TESTING,Date::2020-04-20T08:00:00,Event-occursOn-Date
Event::5_A4Q_AI_&_SOFTWARE_TESTING,Time::08:00:00,Event-scheduledAt-Time
Event::5_A4Q_AI_&_SOFTWARE_TESTING,Venue::San-Francisco,Event-heldAt-Venue
Event::5_A4Q_AI_&_SOFTWARE_TESTING,Host::Software_Testing_Training_Courses_(London),Event-hostedBy-Host
Event::5_A4Q_AI_&_SOFTWARE_TESTING,"OccasionType::Technology,business",Event-for-OccasionType
Event::6_Agile_&_Coffee_(Blagnac),Date::2020-04-20T08:00:00,Event-occursOn-Date
Event::6_Agile_&_Coffee_(Blagnac),Time::08:00:00,Event-scheduledAt-Time
Event::6_Agile_&_Coffee_(Blagnac),Venue::San-Francisco,Event-heldAt-Venue
Event::6_Agile_&_Coffee_(Blagnac),Host::Agile_Toulouse,Event-hostedBy-Host
Event::6_Agile_&_Coffee_(Blagnac),"OccasionType::Technology,business",Event-for-OccasionType
"Event::7_Women_in_Data_Science_(WiDS)_PSU_Riyadh,March_2,2020",Date::2020-04-20T08:30:00,Event-occursOn-Date
"Event::7_Women_in_Data_Science_(WiDS)_PSU_Riyadh,March_2,2020",Time::08:30:00,Event-scheduledAt-Time
"Event::7_Women_in_Data_Science_(WiDS)_PSU_Riyadh,March_2,2020",Venue::San-Francisco,Event-heldAt-Venue
"Event::7_Women_in_Data_Science_(WiDS)_PSU_Riyadh,March_2,2020",Host::Riyadh_Women_in_Machine_Learning_&_Data_Science,Event-hostedBy-Host
"Event::7_Women_in_Data_Science_(WiDS)_PSU_Riyadh,March_2,2020","OccasionType::Technology,business",Event-for-OccasionType
Event::8_Android_Makers_Virtual_Edition_2020,Date::2020-04-20T08:30:00,Event-occursOn-Date
Event::8_Android_Makers_Virtual_Edition_2020,Time::08:30:00,Event-scheduledAt-Time
Event::8_Android_Makers_Virtual_Edition_2020,Venue::San-Francisco,Event-heldAt-Venue
Event::8_Android_Makers_Virtual_Edition_2020,Host::Paris_Android_LiveCode,Event-hostedBy-Host
Event::8_Android_Makers_Virtual_Edition_2020,"OccasionType::Technology,business",Event-for-OccasionType
Event::9_ANDROID_MAKERS_2020_VIRTUAL_EDITION,Date::2020-04-20T08:30:00,Event-occursOn-Date
Event::9_ANDROID_MAKERS_2020_VIRTUAL_EDITION,Time::08:30:00,Event-scheduledAt-Time
Event::9_ANDROID_MAKERS_2020_VIRTUAL_EDITION,Venue::San-Francisco,Event-heldAt-Venue
Event::9_ANDROID_MAKERS_2020_VIRTUAL_EDITION,Host::BeMyApp_events_-_EMEA,Event-hostedBy-Host
Event::9_ANDROID_MAKERS_2020_VIRTUAL_EDITION,"OccasionType::Technology,business",Event-for-OccasionType
Event::10_Let’s_take_a_mindful_moment_(weekly_25min_mindfulness_Mondays_8:30_ZOOM),Date::2020-04-20T08:30:00,Event-occursOn-Date
Event::10_Let’s_take_a_mindful_moment_(weekly_25min_mindfulness_Mondays_8:30_ZOOM),Time::08:30:00,Event-scheduledAt-Time
Event::10_Let’s_take_a_mindful_moment_(weekly_25min_mindfulness_Mondays_8:30_ZOOM),Venue::San-Francisco,Event-heldAt-Venue
Event::10_Let’s_take_a_mindful_moment_(weekly_25min_mindfulness_Mondays_8:30_ZOOM),Host::Agile_Baden_(CH),Event-hostedBy-Host
Event::10_Let’s_take_a_mindful_moment_(weekly_25min_mindfulness_Mondays_8:30_ZOOM),"OccasionType::Technology,business",Event-for-OccasionType
Event::11_Agile-Lean_Ireland_2020,Date::2020-04-20T09:00:00,Event-occursOn-Date
Event::11_Agile-Lean_Ireland_2020,Time::09:00:00,Event-scheduledAt-Time
Event::11_Agile-Lean_Ireland_2020,Venue::San-Francisco,Event-heldAt-Venue
Event::11_Agile-Lean_Ireland_2020,Host::Agile-Lean_Ireland,Event-hostedBy-Host
Event::11_Agile-Lean_Ireland_2020,"OccasionType::Technology,business",Event-for-OccasionType
"Event::12_KubeFlow,_TFX,_GPU_TPU,_Spark,_TensorFlow,_Kubernetes,_Kafka,_Scikit",Date::2020-04-20T09:00:00,Event-occursOn-Date
"Event::12_KubeFlow,_TFX,_GPU_TPU,_Spark,_TensorFlow,_Kubernetes,_Kafka,_Scikit",Time::09:00:00,Event-scheduledAt-Time
"Event::12_KubeFlow,_TFX,_GPU_TPU,_Spark,_TensorFlow,_Kubernetes,_Kafka,_Scikit",Venue::San-Francisco,Event-heldAt-Venue
"Event::12_KubeFlow,_TFX,_GPU_TPU,_Spark,_TensorFlow,_Kubernetes,_Kafka,_Scikit","Host::Advanced_KubeFlow_AI_Meetup_(San_Francisco,_Global)",Event-hostedBy-Host
"Event::12_KubeFlow,_TFX,_GPU_TPU,_Spark,_TensorFlow,_Kubernetes,_Kafka,_Scikit","OccasionType::Technology,business",Event-for-OccasionType
Event::13_Formation_1_jour_-_Vous_donner_des_billes_en_facilitation_-_Animer_un_groupe,Date::2020-04-20T09:00:00,Event-occursOn-Date
Event::13_Formation_1_jour_-_Vous_donner_des_billes_en_facilitation_-_Animer_un_groupe,Time::09:00:00,Event-scheduledAt-Time
Event::13_Formation_1_jour_-_Vous_donner_des_billes_en_facilitation_-_Animer_un_groupe,Venue::San-Francisco,Event-heldAt-Venue
Event::13_Formation_1_jour_-_Vous_donner_des_billes_en_facilitation_-_Animer_un_groupe,Host::Design_Thinking_💥_Make_it_KLAP_💥,Event-hostedBy-Host
Event::13_Formation_1_jour_-_Vous_donner_des_billes_en_facilitation_-_Animer_un_groupe,"OccasionType::Technology,business",Event-for-OccasionType
Event::14_Fullstack_Coding_Bootcamp_Across_the_Border_from_Hong_Kong,Date::2020-04-20T09:00:00,Event-occursOn-Date
Event::14_Fullstack_Coding_Bootcamp_Across_the_Border_from_Hong_Kong,Time::09:00:00,Event-scheduledAt-Time
Event::14_Fullstack_Coding_Bootcamp_Across_the_Border_from_Hong_Kong,Venue::San-Francisco,Event-heldAt-Venue
Event::14_Fullstack_Coding_Bootcamp_Across_the_Border_from_Hong_Kong,Host::Le_Wagon_Hong_Kong_-_Coding_Bootcamp,Event-hostedBy-Host
Event::14_Fullstack_Coding_Bootcamp_Across_the_Border_from_Hong_Kong,"OccasionType::Technology,business",Event-for-OccasionType
Event::15_ONLINE!_Enterprise_Agility_Masterclass_(ICP-ENT)_-_Georg_Fasching_&_Sam_Kiani,Date::2020-04-20T09:00:00,Event-occursOn-Date
Event::15_ONLINE!_Enterprise_Agility_Masterclass_(ICP-ENT)_-_Georg_Fasching_&_Sam_Kiani,Time::09:00:00,Event-scheduledAt-Time
Event::15_ONLINE!_Enterprise_Agility_Masterclass_(ICP-ENT)_-_Georg_Fasching_&_Sam_Kiani,Venue::San-Francisco,Event-heldAt-Venue
Event::15_ONLINE!_Enterprise_Agility_Masterclass_(ICP-ENT)_-_Georg_Fasching_&_Sam_Kiani,Host::Adventures_with_Agile,Event-hostedBy-Host
Event::15_ONLINE!_Enterprise_Agility_Masterclass_(ICP-ENT)_-_Georg_Fasching_&_Sam_Kiani,"OccasionType::Technology,business",Event-for-OccasionType
Event::16_Digital_PyCon_Sprint,Date::2020-04-20T09:00:00,Event-occursOn-Date
Event::16_Digital_PyCon_Sprint,Time::09:00:00,Event-scheduledAt-Time
Event::16_Digital_PyCon_Sprint,Venue::San-Francisco,Event-heldAt-Venue
Event::16_Digital_PyCon_Sprint,Host::Prefect_Community,Event-hostedBy-Host
Event::16_Digital_PyCon_Sprint,"OccasionType::Technology,business",Event-for-OccasionType
Event::17_Reboot_Your_Skills,Date::2020-04-20T09:00:00,Event-occursOn-Date
Event::17_Reboot_Your_Skills,Time::09:00:00,Event-scheduledAt-Time
Event::17_Reboot_Your_Skills,Venue::San-Francisco,Event-heldAt-Venue
Event::17_Reboot_Your_Skills,Host::Philadelphia_Robotic_Process_Automation_(RPA)_Meetup_Group,Event-hostedBy-Host
Event::17_Reboot_Your_Skills,"OccasionType::Technology,business",Event-for-OccasionType
Event::18_DataArt_Online_Week,Date::2020-04-20T09:00:00,Event-occursOn-Date
Event::18_DataArt_Online_Week,Time::09:00:00,Event-scheduledAt-Time
Event::18_DataArt_Online_Week,Venue::San-Francisco,Event-heldAt-Venue
Event::18_DataArt_Online_Week,Host::IT_talk_Wroclaw,Event-hostedBy-Host
Event::18_DataArt_Online_Week,"OccasionType::Technology,business",Event-for-OccasionType
Event::19_Online:_Introduction_to_Machine_Learning,Date::2020-04-20T09:00:00,Event-occursOn-Date
Event::19_Online:_Introduction_to_Machine_Learning,Time::09:00:00,Event-scheduledAt-Time
Event::19_Online:_Introduction_to_Machine_Learning,Venue::San-Francisco,Event-heldAt-Venue
Event::19_Online:_Introduction_to_Machine_Learning,Host::GDG_Kandahar,Event-hostedBy-Host
Event::19_Online:_Introduction_to_Machine_Learning,"OccasionType::Technology,business",Event-for-OccasionType
Event::20_PYTHON_PROGRAMMING_DATA_ANALYTICS_Day_1_5_($1800_Pay_at_Door),Date::2020-04-20T09:00:00,Event-occursOn-Date
Event::20_PYTHON_PROGRAMMING_DATA_ANALYTICS_Day_1_5_($1800_Pay_at_Door),Time::09:00:00,Event-scheduledAt-Time
Event::20_PYTHON_PROGRAMMING_DATA_ANALYTICS_Day_1_5_($1800_Pay_at_Door),Venue::San-Francisco,Event-heldAt-Venue
Event::20_PYTHON_PROGRAMMING_DATA_ANALYTICS_Day_1_5_($1800_Pay_at_Door),"Host::Learn_Python_NYC:_Data_Science,_Data_Analytics,_Django",Event-hostedBy-Host
Event::20_PYTHON_PROGRAMMING_DATA_ANALYTICS_Day_1_5_($1800_Pay_at_Door),"OccasionType::Technology,business",Event-for-OccasionType
Event::21_ONLINE_Blockchain030_|_Co-working_Mondays,Date::2020-04-20T10:00:00,Event-occursOn-Date
Event::21_ONLINE_Blockchain030_|_Co-working_Mondays,Time::10:00:00,Event-scheduledAt-Time
Event::21_ONLINE_Blockchain030_|_Co-working_Mondays,Venue::San-Francisco,Event-heldAt-Venue
Event::21_ONLINE_Blockchain030_|_Co-working_Mondays,Host::Lisk_Center_Utrecht:_Blockchain_Meetup,Event-hostedBy-Host
Event::21_ONLINE_Blockchain030_|_Co-working_Mondays,"OccasionType::Technology,business",Event-for-OccasionType
Event::22_Firebase_Study_Jam_2020,Date::2020-04-20T10:00:00,Event-occursOn-Date
Event::22_Firebase_Study_Jam_2020,Time::10:00:00,Event-scheduledAt-Time
Event::22_Firebase_Study_Jam_2020,Venue::San-Francisco,Event-heldAt-Venue
Event::22_Firebase_Study_Jam_2020,Host::GDG_Tiaret,Event-hostedBy-Host
Event::22_Firebase_Study_Jam_2020,"OccasionType::Technology,business",Event-for-OccasionType
Event::23_JavaScript_Immersive_Bootcamp,Date::2020-04-20T10:00:00,Event-occursOn-Date
Event::23_JavaScript_Immersive_Bootcamp,Time::10:00:00,Event-scheduledAt-Time
Event::23_JavaScript_Immersive_Bootcamp,Venue::San-Francisco,Event-heldAt-Venue
Event::23_JavaScript_Immersive_Bootcamp,Host::JavaScript_and_React_for_Beginners,Event-hostedBy-Host
Event::23_JavaScript_Immersive_Bootcamp,"OccasionType::Technology,business",Event-for-OccasionType
Event::24_ONLINE:_Southwest_CMG_–_Performance_&_Cost_Optimization,Date::2020-04-20T10:00:00,Event-occursOn-Date
Event::24_ONLINE:_Southwest_CMG_–_Performance_&_Cost_Optimization,Time::10:00:00,Event-scheduledAt-Time
Event::24_ONLINE:_Southwest_CMG_–_Performance_&_Cost_Optimization,Venue::San-Francisco,Event-heldAt-Venue
Event::24_ONLINE:_Southwest_CMG_–_Performance_&_Cost_Optimization,Host::SouthWest_CMG_-_Performance_Engineering_&_Capacity_Planning,Event-hostedBy-Host
Event::24_ONLINE:_Southwest_CMG_–_Performance_&_Cost_Optimization,"OccasionType::Technology,business",Event-for-OccasionType
Event::25_Online_Python_for_Data_Science_Immersive,Date::2020-04-20T10:00:00,Event-occursOn-Date
Event::25_Online_Python_for_Data_Science_Immersive,Time::10:00:00,Event-scheduledAt-Time
Event::25_Online_Python_for_Data_Science_Immersive,Venue::San-Francisco,Event-heldAt-Venue
Event::25_Online_Python_for_Data_Science_Immersive,Host::Python_for_Data_Science_and_Machine_Learning_•_Washington,Event-hostedBy-Host
Event::25_Online_Python_for_Data_Science_Immersive,"OccasionType::Technology,business",Event-for-OccasionType
Event::26_Online_Python_Immersive_•_Start_a_Career_with_Python_(1_Week_Course),Date::2020-04-20T10:00:00,Event-occursOn-Date
Event::26_Online_Python_Immersive_•_Start_a_Career_with_Python_(1_Week_Course),Time::10:00:00,Event-scheduledAt-Time
Event::26_Online_Python_Immersive_•_Start_a_Career_with_Python_(1_Week_Course),Venue::San-Francisco,Event-heldAt-Venue
Event::26_Online_Python_Immersive_•_Start_a_Career_with_Python_(1_Week_Course),Host::Python_for_Data_Science_and_Machine_Learning_•_Washington,Event-hostedBy-Host
Event::26_Online_Python_Immersive_•_Start_a_Career_with_Python_(1_Week_Course),"OccasionType::Technology,business",Event-for-OccasionType
Event::27_Online_Python_Immersive_•_Start_a_Career_with_Python_(1_Week_Course),Date::2020-04-20T10:00:00,Event-occursOn-Date
Event::27_Online_Python_Immersive_•_Start_a_Career_with_Python_(1_Week_Course),Time::10:00:00,Event-scheduledAt-Time
Event::27_Online_Python_Immersive_•_Start_a_Career_with_Python_(1_Week_Course),Venue::San-Francisco,Event-heldAt-Venue
Event::27_Online_Python_Immersive_•_Start_a_Career_with_Python_(1_Week_Course),Host::Python_for_Data_Science_and_Machine_Learning_•_Chicago,Event-hostedBy-Host
Event::27_Online_Python_Immersive_•_Start_a_Career_with_Python_(1_Week_Course),"OccasionType::Technology,business",Event-for-OccasionType
Event::28_AWSome_Week_2020,Date::2020-04-20T10:00:00,Event-occursOn-Date
Event::28_AWSome_Week_2020,Time::10:00:00,Event-scheduledAt-Time
Event::28_AWSome_Week_2020,Venue::San-Francisco,Event-heldAt-Venue
Event::28_AWSome_Week_2020,Host::AWS_Polska,Event-hostedBy-Host
Event::28_AWSome_Week_2020,"OccasionType::Technology,business",Event-for-OccasionType
"Event::29_Online_Workshop:_Kubernetes,_Docker,_Containers_for_Beginners",Date::2020-04-20T10:00:00,Event-occursOn-Date
"Event::29_Online_Workshop:_Kubernetes,_Docker,_Containers_for_Beginners",Time::10:00:00,Event-scheduledAt-Time
"Event::29_Online_Workshop:_Kubernetes,_Docker,_Containers_for_Beginners",Venue::San-Francisco,Event-heldAt-Venue
"Event::29_Online_Workshop:_Kubernetes,_Docker,_Containers_for_Beginners",Host::Startup_&_Developer_-_IBM_Israel,Event-hostedBy-Host
"Event::29_Online_Workshop:_Kubernetes,_Docker,_Containers_for_Beginners","OccasionType::Technology,business",Event-for-OccasionType
Event::30_Lean_Agile_Mindset_in_Times_of_Crisis_5of5,Date::2020-04-20T10:00:00,Event-occursOn-Date
Event::30_Lean_Agile_Mindset_in_Times_of_Crisis_5of5,Time::10:00:00,Event-scheduledAt-Time
Event::30_Lean_Agile_Mindset_in_Times_of_Crisis_5of5,Venue::San-Francisco,Event-heldAt-Venue
Event::30_Lean_Agile_Mindset_in_Times_of_Crisis_5of5,Host::North_Texas_Academy_Promoting_Lean-Agile_Mindsets,Event-hostedBy-Host
Event::30_Lean_Agile_Mindset_in_Times_of_Crisis_5of5,"OccasionType::Technology,business",Event-for-OccasionType
Event::31_Advice_on_Startup_Funding_and_Accelerators,Date::2020-04-20T10:00:00,Event-occursOn-Date
Event::31_Advice_on_Startup_Funding_and_Accelerators,Time::10:00:00,Event-scheduledAt-Time
Event::31_Advice_on_Startup_Funding_and_Accelerators,Venue::San-Francisco,Event-heldAt-Venue
Event::31_Advice_on_Startup_Funding_and_Accelerators,Host::NYC_Startup_Community,Event-hostedBy-Host
Event::31_Advice_on_Startup_Funding_and_Accelerators,"OccasionType::Technology,business",Event-for-OccasionType
Event::32_IWD_-_International_Women's_Day_-_WTM,Date::2020-04-20T11:00:00,Event-occursOn-Date
Event::32_IWD_-_International_Women's_Day_-_WTM,Time::11:00:00,Event-scheduledAt-Time
Event::32_IWD_-_International_Women's_Day_-_WTM,Venue::San-Francisco,Event-heldAt-Venue
Event::32_IWD_-_International_Women's_Day_-_WTM,Host::GDG-Damanhour,Event-hostedBy-Host
Event::32_IWD_-_International_Women's_Day_-_WTM,"OccasionType::Technology,business",Event-for-OccasionType
"Event::33_Meet_the_Legal_Techs_of_the_Future-Law_Digitale_Initiative_""Corona""",Date::2020-04-20T11:00:00,Event-occursOn-Date
"Event::33_Meet_the_Legal_Techs_of_the_Future-Law_Digitale_Initiative_""Corona""",Time::11:00:00,Event-scheduledAt-Time
"Event::33_Meet_the_Legal_Techs_of_the_Future-Law_Digitale_Initiative_""Corona""",Venue::San-Francisco,Event-heldAt-Venue
"Event::33_Meet_the_Legal_Techs_of_the_Future-Law_Digitale_Initiative_""Corona""","Host::Wien_Legal_Tech_Meetup,_FutureLaw",Event-hostedBy-Host
"Event::33_Meet_the_Legal_Techs_of_the_Future-Law_Digitale_Initiative_""Corona""","OccasionType::Technology,business",Event-for-OccasionType
Event::34_ASK_ME_ANYTHING:_A_LIFE_OF_A_UX_DESIGNER,Date::2020-04-20T11:00:00,Event-occursOn-Date
Event::34_ASK_ME_ANYTHING:_A_LIFE_OF_A_UX_DESIGNER,Time::11:00:00,Event-scheduledAt-Time
Event::34_ASK_ME_ANYTHING:_A_LIFE_OF_A_UX_DESIGNER,Venue::San-Francisco,Event-heldAt-Venue
Event::34_ASK_ME_ANYTHING:_A_LIFE_OF_A_UX_DESIGNER,Host::GA_Houston_-_Coding_-_Data_-_Design_-_Digital_Marketing,Event-hostedBy-Host
Event::34_ASK_ME_ANYTHING:_A_LIFE_OF_A_UX_DESIGNER,"OccasionType::Technology,business",Event-for-OccasionType
Event::35_Accelerate_the_Pace_of_Enterprise_Data_Estate_Modernization,Date::2020-04-20T11:00:00,Event-occursOn-Date
Event::35_Accelerate_the_Pace_of_Enterprise_Data_Estate_Modernization,Time::11:00:00,Event-scheduledAt-Time
Event::35_Accelerate_the_Pace_of_Enterprise_Data_Estate_Modernization,Venue::San-Francisco,Event-heldAt-Venue
Event::35_Accelerate_the_Pace_of_Enterprise_Data_Estate_Modernization,Host::NASSCOM_Pune_Community_Group,Event-hostedBy-Host
Event::35_Accelerate_the_Pace_of_Enterprise_Data_Estate_Modernization,"OccasionType::Technology,business",Event-for-OccasionType
Event::36_Fighting_It_Together_|_Virtual_Hackathon_Kickoff,Date::2020-04-20T11:00:00,Event-occursOn-Date
Event::36_Fighting_It_Together_|_Virtual_Hackathon_Kickoff,Time::11:00:00,Event-scheduledAt-Time
Event::36_Fighting_It_Together_|_Virtual_Hackathon_Kickoff,Venue::San-Francisco,Event-heldAt-Venue
Event::36_Fighting_It_Together_|_Virtual_Hackathon_Kickoff,Host::Memphis_Technology_User_Groups,Event-hostedBy-Host
Event::36_Fighting_It_Together_|_Virtual_Hackathon_Kickoff,"OccasionType::Technology,business",Event-for-OccasionType
Event::37_Learn_How_Azure_NetApp_Files_Can_Accelerate_Your_Company’s_Move_to_the_Cloud,Date::2020-04-20T11:15:00,Event-occursOn-Date
Event::37_Learn_How_Azure_NetApp_Files_Can_Accelerate_Your_Company’s_Move_to_the_Cloud,Time::11:15:00,Event-scheduledAt-Time
Event::37_Learn_How_Azure_NetApp_Files_Can_Accelerate_Your_Company’s_Move_to_the_Cloud,Venue::San-Francisco,Event-heldAt-Venue
Event::37_Learn_How_Azure_NetApp_Files_Can_Accelerate_Your_Company’s_Move_to_the_Cloud,Host::Microsoft_Azure_Public_Sector_Meet-Up,Event-hostedBy-Host
Event::37_Learn_How_Azure_NetApp_Files_Can_Accelerate_Your_Company’s_Move_to_the_Cloud,"OccasionType::Technology,business",Event-for-OccasionType
Event::38_Product_Management_Live_Chat_by_Product_School_CEO,Date::2020-04-20T11:30:00,Event-occursOn-Date
Event::38_Product_Management_Live_Chat_by_Product_School_CEO,Time::11:30:00,Event-scheduledAt-Time
Event::38_Product_Management_Live_Chat_by_Product_School_CEO,Venue::San-Francisco,Event-heldAt-Venue
Event::38_Product_Management_Live_Chat_by_Product_School_CEO,Host::Product_School_San_Francisco,Event-hostedBy-Host
Event::38_Product_Management_Live_Chat_by_Product_School_CEO,"OccasionType::Technology,business",Event-for-OccasionType
Event::39_Generative_Adversarial_Networks_-_Online_Only,Date::2020-04-20T11:30:00,Event-occursOn-Date
Event::39_Generative_Adversarial_Networks_-_Online_Only,Time::11:30:00,Event-scheduledAt-Time
Event::39_Generative_Adversarial_Networks_-_Online_Only,Venue::San-Francisco,Event-heldAt-Venue
Event::39_Generative_Adversarial_Networks_-_Online_Only,Host::Artificial_Intelligence_(AI)_in_Telecom,Event-hostedBy-Host
Event::39_Generative_Adversarial_Networks_-_Online_Only,"OccasionType::Technology,business",Event-for-OccasionType
Event::40_2_more_Certified_Large_Scale_Scrum_Basics_(CLB)_in_April,Date::2020-04-20T11:30:00,Event-occursOn-Date
Event::40_2_more_Certified_Large_Scale_Scrum_Basics_(CLB)_in_April,Time::11:30:00,Event-scheduledAt-Time
Event::40_2_more_Certified_Large_Scale_Scrum_Basics_(CLB)_in_April,Venue::San-Francisco,Event-heldAt-Venue
Event::40_2_more_Certified_Large_Scale_Scrum_Basics_(CLB)_in_April,Host::Large_Scale_Scrum_(LeSS)_in_NYC,Event-hostedBy-Host
Event::40_2_more_Certified_Large_Scale_Scrum_Basics_(CLB)_in_April,"OccasionType::Technology,business",Event-for-OccasionType
Event::41_Why_the_world_needs_DeFi_with_Alex_Batlin_&_CryptoMondays_London,Date::2020-04-20T11:30:00,Event-occursOn-Date
Event::41_Why_the_world_needs_DeFi_with_Alex_Batlin_&_CryptoMondays_London,Time::11:30:00,Event-scheduledAt-Time
Event::41_Why_the_world_needs_DeFi_with_Alex_Batlin_&_CryptoMondays_London,Venue::San-Francisco,Event-heldAt-Venue
Event::41_Why_the_world_needs_DeFi_with_Alex_Batlin_&_CryptoMondays_London,Host::Colorado_Springs_Blockchain,Event-hostedBy-Host
Event::41_Why_the_world_needs_DeFi_with_Alex_Batlin_&_CryptoMondays_London,"OccasionType::Technology,business",Event-for-OccasionType
Event::42_ONLINE:_GDG_Greater_LA_Community_Lunch,Date::2020-04-20T11:30:00,Event-occursOn-Date
Event::42_ONLINE:_GDG_Greater_LA_Community_Lunch,Time::11:30:00,Event-scheduledAt-Time
Event::42_ONLINE:_GDG_Greater_LA_Community_Lunch,Venue::San-Francisco,Event-heldAt-Venue
Event::42_ONLINE:_GDG_Greater_LA_Community_Lunch,Host::GDG_Los_Angeles,Event-hostedBy-Host
Event::42_ONLINE:_GDG_Greater_LA_Community_Lunch,"OccasionType::Technology,business",Event-for-OccasionType
Event::43_The_West_Michigan_Agile_Community_Meet_Up,Date::2020-04-20T11:45:00,Event-occursOn-Date
Event::43_The_West_Michigan_Agile_Community_Meet_Up,Time::11:45:00,Event-scheduledAt-Time
Event::43_The_West_Michigan_Agile_Community_Meet_Up,Venue::San-Francisco,Event-heldAt-Venue
Event::43_The_West_Michigan_Agile_Community_Meet_Up,Host::Agile_West_Michigan,Event-hostedBy-Host
Event::43_The_West_Michigan_Agile_Community_Meet_Up,"OccasionType::Technology,business",Event-for-OccasionType
Event::44_Workflowy_|_Show_and_Tell_met_Martijn_Aslander,Date::2020-04-20T12:00:00,Event-occursOn-Date
Event::44_Workflowy_|_Show_and_Tell_met_Martijn_Aslander,Time::12:00:00,Event-scheduledAt-Time
Event::44_Workflowy_|_Show_and_Tell_met_Martijn_Aslander,Venue::San-Francisco,Event-heldAt-Venue
Event::44_Workflowy_|_Show_and_Tell_met_Martijn_Aslander,Host::Permanent_Beta,Event-hostedBy-Host
Event::44_Workflowy_|_Show_and_Tell_met_Martijn_Aslander,"OccasionType::Technology,business",Event-for-OccasionType
"Event::45_[1_hr_Free]_PipelineAI,_GPU,_TPU,_Spark,_TensorFlow,_Kubernetes,_Kafka,_Scikit",Date::2020-04-20T12:00:00,Event-occursOn-Date
"Event::45_[1_hr_Free]_PipelineAI,_GPU,_TPU,_Spark,_TensorFlow,_Kubernetes,_Kafka,_Scikit",Time::12:00:00,Event-scheduledAt-Time
"Event::45_[1_hr_Free]_PipelineAI,_GPU,_TPU,_Spark,_TensorFlow,_Kubernetes,_Kafka,_Scikit",Venue::San-Francisco,Event-heldAt-Venue
"Event::45_[1_hr_Free]_PipelineAI,_GPU,_TPU,_Spark,_TensorFlow,_Kubernetes,_Kafka,_Scikit",Host::Advanced_KubeFlow_Meetup_(New_York),Event-hostedBy-Host
"Event::45_[1_hr_Free]_PipelineAI,_GPU,_TPU,_Spark,_TensorFlow,_Kubernetes,_Kafka,_Scikit","OccasionType::Technology,business",Event-for-OccasionType
Event::46_009_-_ORGA_-_Présentation_du_nouveau_site_vuemontreal.org,Date::2020-04-20T12:00:00,Event-occursOn-Date
Event::46_009_-_ORGA_-_Présentation_du_nouveau_site_vuemontreal.org,Time::12:00:00,Event-scheduledAt-Time
Event::46_009_-_ORGA_-_Présentation_du_nouveau_site_vuemontreal.org,Venue::San-Francisco,Event-heldAt-Venue
Event::46_009_-_ORGA_-_Présentation_du_nouveau_site_vuemontreal.org,Host::Montreal_Vue.js,Event-hostedBy-Host
Event::46_009_-_ORGA_-_Présentation_du_nouveau_site_vuemontreal.org,"OccasionType::Technology,business",Event-for-OccasionType
Event::47_Meet_Dave_Snowden,Date::2020-04-20T12:00:00,Event-occursOn-Date
Event::47_Meet_Dave_Snowden,Time::12:00:00,Event-scheduledAt-Time
Event::47_Meet_Dave_Snowden,Venue::San-Francisco,Event-heldAt-Venue
Event::47_Meet_Dave_Snowden,Host::Large_Scale_Scrum_(LeSS)_in_NYC,Event-hostedBy-Host
Event::47_Meet_Dave_Snowden,"OccasionType::Technology,business",Event-for-OccasionType
"Event::48_ZK-TOR_0x03_-_At_Home_Edition_-_MPC-in-the-Head,_another_ZK_approach",Date::2020-04-20T12:00:00,Event-occursOn-Date
"Event::48_ZK-TOR_0x03_-_At_Home_Edition_-_MPC-in-the-Head,_another_ZK_approach",Time::12:00:00,Event-scheduledAt-Time
"Event::48_ZK-TOR_0x03_-_At_Home_Edition_-_MPC-in-the-Head,_another_ZK_approach",Venue::San-Francisco,Event-heldAt-Venue
"Event::48_ZK-TOR_0x03_-_At_Home_Edition_-_MPC-in-the-Head,_another_ZK_approach",Host::Zero_Knowledge_Toronto,Event-hostedBy-Host
"Event::48_ZK-TOR_0x03_-_At_Home_Edition_-_MPC-in-the-Head,_another_ZK_approach","OccasionType::Technology,business",Event-for-OccasionType
Event::49_[Online_session]_How_to_set_up_the_Growth_Engine_for_your_Startup,Date::2020-04-20T12:00:00,Event-occursOn-Date
Event::49_[Online_session]_How_to_set_up_the_Growth_Engine_for_your_Startup,Time::12:00:00,Event-scheduledAt-Time
Event::49_[Online_session]_How_to_set_up_the_Growth_Engine_for_your_Startup,Venue::San-Francisco,Event-heldAt-Venue
Event::49_[Online_session]_How_to_set_up_the_Growth_Engine_for_your_Startup,Host::Microsoft_Reactor_Stockholm,Event-hostedBy-Host
Event::49_[Online_session]_How_to_set_up_the_Growth_Engine_for_your_Startup,"OccasionType::Technology,business",Event-for-OccasionType
Event::50_Software_Engineer_Hiring_Event_-_Online_Townhall_Meeting,Date::2020-04-20T12:00:00,Event-occursOn-Date
Event::50_Software_Engineer_Hiring_Event_-_Online_Townhall_Meeting,Time::12:00:00,Event-scheduledAt-Time
Event::50_Software_Engineer_Hiring_Event_-_Online_Townhall_Meeting,Venue::San-Francisco,Event-heldAt-Venue
Event::50_Software_Engineer_Hiring_Event_-_Online_Townhall_Meeting,"Host::SAMSUNG_RESEARCH,_DEV_and_INNOVATION",Event-hostedBy-Host
Event::50_Software_Engineer_Hiring_Event_-_Online_Townhall_Meeting,"OccasionType::Technology,business",Event-for-OccasionType
Event::51_The_Learning_Organisation,Date::2020-04-20T12:30:00,Event-occursOn-Date
Event::51_The_Learning_Organisation,Time::12:30:00,Event-scheduledAt-Time
Event::51_The_Learning_Organisation,Venue::San-Francisco,Event-heldAt-Venue
Event::51_The_Learning_Organisation,Host::Agile_People_Management,Event-hostedBy-Host
Event::51_The_Learning_Organisation,"OccasionType::Technology,business",Event-for-OccasionType
Event::52_Advanced_Threat_Intel_&_Proper_Incident_Qualification_using_AI,Date::2020-04-20T12:30:00,Event-occursOn-Date
Event::52_Advanced_Threat_Intel_&_Proper_Incident_Qualification_using_AI,Time::12:30:00,Event-scheduledAt-Time
Event::52_Advanced_Threat_Intel_&_Proper_Incident_Qualification_using_AI,Venue::San-Francisco,Event-heldAt-Venue
Event::52_Advanced_Threat_Intel_&_Proper_Incident_Qualification_using_AI,Host::IBM_Tech@Home_MEA,Event-hostedBy-Host
Event::52_Advanced_Threat_Intel_&_Proper_Incident_Qualification_using_AI,"OccasionType::Technology,business",Event-for-OccasionType
Event::53_[Online]_How_to_Build_Solutions_that_Fight_Back,Date::2020-04-20T12:30:00,Event-occursOn-Date
Event::53_[Online]_How_to_Build_Solutions_that_Fight_Back,Time::12:30:00,Event-scheduledAt-Time
Event::53_[Online]_How_to_Build_Solutions_that_Fight_Back,Venue::San-Francisco,Event-heldAt-Venue
Event::53_[Online]_How_to_Build_Solutions_that_Fight_Back,Host::IBM_Developer_New_York,Event-hostedBy-Host
Event::53_[Online]_How_to_Build_Solutions_that_Fight_Back,"OccasionType::Technology,business",Event-for-OccasionType
"Event::54_Online_Presentation_|_Trade_Mark_Registration,_what_is_it_&_why_should_I_bother?",Date::2020-04-20T12:30:00,Event-occursOn-Date
"Event::54_Online_Presentation_|_Trade_Mark_Registration,_what_is_it_&_why_should_I_bother?",Time::12:30:00,Event-scheduledAt-Time
"Event::54_Online_Presentation_|_Trade_Mark_Registration,_what_is_it_&_why_should_I_bother?",Venue::San-Francisco,Event-heldAt-Venue
"Event::54_Online_Presentation_|_Trade_Mark_Registration,_what_is_it_&_why_should_I_bother?",Host::Melbourne_Silicon_Beach,Event-hostedBy-Host
"Event::54_Online_Presentation_|_Trade_Mark_Registration,_what_is_it_&_why_should_I_bother?","OccasionType::Technology,business",Event-for-OccasionType
Event::55_CTO's_in_London_with_Michael_Anderson:_Leading_your_Team_Through_this_Crisis.,Date::2020-04-20T12:30:00,Event-occursOn-Date
Event::55_CTO's_in_London_with_Michael_Anderson:_Leading_your_Team_Through_this_Crisis.,Time::12:30:00,Event-scheduledAt-Time
Event::55_CTO's_in_London_with_Michael_Anderson:_Leading_your_Team_Through_this_Crisis.,Venue::San-Francisco,Event-heldAt-Venue
Event::55_CTO's_in_London_with_Michael_Anderson:_Leading_your_Team_Through_this_Crisis.,Host::CTOs_in_London,Event-hostedBy-Host
Event::55_CTO's_in_London_with_Michael_Anderson:_Leading_your_Team_Through_this_Crisis.,"OccasionType::Technology,business",Event-for-OccasionType
Event::56_How_To_Build_Your_Business_on_IBM_Cloud_-_Containers,Date::2020-04-20T12:30:00,Event-occursOn-Date
Event::56_How_To_Build_Your_Business_on_IBM_Cloud_-_Containers,Time::12:30:00,Event-scheduledAt-Time
Event::56_How_To_Build_Your_Business_on_IBM_Cloud_-_Containers,Venue::San-Francisco,Event-heldAt-Venue
Event::56_How_To_Build_Your_Business_on_IBM_Cloud_-_Containers,Host::IBM_Cloud_-_New_York,Event-hostedBy-Host
Event::56_How_To_Build_Your_Business_on_IBM_Cloud_-_Containers,"OccasionType::Technology,business",Event-for-OccasionType
"Event::57_BlokTech_x_Longevity_Genes:_Blockchain,_Aging,_Supplements",Date::2020-04-20T13:00:00,Event-occursOn-Date
"Event::57_BlokTech_x_Longevity_Genes:_Blockchain,_Aging,_Supplements",Time::13:00:00,Event-scheduledAt-Time
"Event::57_BlokTech_x_Longevity_Genes:_Blockchain,_Aging,_Supplements",Venue::San-Francisco,Event-heldAt-Venue
"Event::57_BlokTech_x_Longevity_Genes:_Blockchain,_Aging,_Supplements",Host::Miami_Blockchain_Society,Event-hostedBy-Host
"Event::57_BlokTech_x_Longevity_Genes:_Blockchain,_Aging,_Supplements","OccasionType::Technology,business",Event-for-OccasionType
Event::58_Webinar_(Arabic):_Deploy_a_Python_App_Using_Red_Hat_OpenShift,Date::2020-04-20T13:00:00,Event-occursOn-Date
Event::58_Webinar_(Arabic):_Deploy_a_Python_App_Using_Red_Hat_OpenShift,Time::13:00:00,Event-scheduledAt-Time
Event::58_Webinar_(Arabic):_Deploy_a_Python_App_Using_Red_Hat_OpenShift,Venue::San-Francisco,Event-heldAt-Venue
Event::58_Webinar_(Arabic):_Deploy_a_Python_App_Using_Red_Hat_OpenShift,Host::IBM_Developer_Egypt,Event-hostedBy-Host
Event::58_Webinar_(Arabic):_Deploy_a_Python_App_Using_Red_Hat_OpenShift,"OccasionType::Technology,business",Event-for-OccasionType
Event::59_#AI_Predictive_Analytic_Automation_tools_ONLINE_FREE_EVENT_|_IBM,Date::2020-04-20T13:00:00,Event-occursOn-Date
Event::59_#AI_Predictive_Analytic_Automation_tools_ONLINE_FREE_EVENT_|_IBM,Time::13:00:00,Event-scheduledAt-Time
Event::59_#AI_Predictive_Analytic_Automation_tools_ONLINE_FREE_EVENT_|_IBM,Venue::San-Francisco,Event-heldAt-Venue
Event::59_#AI_Predictive_Analytic_Automation_tools_ONLINE_FREE_EVENT_|_IBM,Host::Connecticut_BigData_Group,Event-hostedBy-Host
Event::59_#AI_Predictive_Analytic_Automation_tools_ONLINE_FREE_EVENT_|_IBM,"OccasionType::Technology,business",Event-for-OccasionType
Event::60_Creating_Shape_Maps_in_Power_BI_(Option_1),Date::2020-04-20T13:00:00,Event-occursOn-Date
Event::60_Creating_Shape_Maps_in_Power_BI_(Option_1),Time::13:00:00,Event-scheduledAt-Time
Event::60_Creating_Shape_Maps_in_Power_BI_(Option_1),Venue::San-Francisco,Event-heldAt-Venue
Event::60_Creating_Shape_Maps_in_Power_BI_(Option_1),Host::London_Business_Analytics_Group,Event-hostedBy-Host
Event::60_Creating_Shape_Maps_in_Power_BI_(Option_1),"OccasionType::Technology,business",Event-for-OccasionType
Event::61_CATCH_UP_|_LCU_Community_Project_|_Digital_Identity_SSI,Date::2020-04-20T13:00:00,Event-occursOn-Date
Event::61_CATCH_UP_|_LCU_Community_Project_|_Digital_Identity_SSI,Time::13:00:00,Event-scheduledAt-Time
Event::61_CATCH_UP_|_LCU_Community_Project_|_Digital_Identity_SSI,Venue::San-Francisco,Event-heldAt-Venue
Event::61_CATCH_UP_|_LCU_Community_Project_|_Digital_Identity_SSI,Host::Lisk_Center_Utrecht:_Blockchain_Meetup,Event-hostedBy-Host
Event::61_CATCH_UP_|_LCU_Community_Project_|_Digital_Identity_SSI,"OccasionType::Technology,business",Event-for-OccasionType
Event::62_Coffee_Break:_Microsoft_BI_Data_Platform_online_session_(15_minutes),Date::2020-04-20T13:00:00,Event-occursOn-Date
Event::62_Coffee_Break:_Microsoft_BI_Data_Platform_online_session_(15_minutes),Time::13:00:00,Event-scheduledAt-Time
Event::62_Coffee_Break:_Microsoft_BI_Data_Platform_online_session_(15_minutes),Venue::San-Francisco,Event-heldAt-Venue
Event::62_Coffee_Break:_Microsoft_BI_Data_Platform_online_session_(15_minutes),Host::Microsoft_BI_&_Power_BI_User_Group_-_Finland,Event-hostedBy-Host
Event::62_Coffee_Break:_Microsoft_BI_Data_Platform_online_session_(15_minutes),"OccasionType::Technology,business",Event-for-OccasionType
Event::63_Certificate_Program_in_Deep_Reinforcement_Learning_(Online)_-_Session_1,Date::2020-04-20T13:00:00,Event-occursOn-Date
Event::63_Certificate_Program_in_Deep_Reinforcement_Learning_(Online)_-_Session_1,Time::13:00:00,Event-scheduledAt-Time
Event::63_Certificate_Program_in_Deep_Reinforcement_Learning_(Online)_-_Session_1,Venue::San-Francisco,Event-heldAt-Venue
Event::63_Certificate_Program_in_Deep_Reinforcement_Learning_(Online)_-_Session_1,Host::Deep_Reinforcement_Learning_(Silicon_Valley),Event-hostedBy-Host
Event::63_Certificate_Program_in_Deep_Reinforcement_Learning_(Online)_-_Session_1,"OccasionType::Technology,business",Event-for-OccasionType
Event::64_Oh_Sh*t_it's_Monday!',Date::2020-04-20T13:15:00,Event-occursOn-Date
Event::64_Oh_Sh*t_it's_Monday!',Time::13:15:00,Event-scheduledAt-Time
Event::64_Oh_Sh*t_it's_Monday!',Venue::San-Francisco,Event-heldAt-Venue
Event::64_Oh_Sh*t_it's_Monday!',Host::The_Kiln,Event-hostedBy-Host
Event::64_Oh_Sh*t_it's_Monday!',"OccasionType::Technology,business",Event-for-OccasionType
Event::65_IBM_BPM_Low_Code_Development,Date::2020-04-20T14:00:00,Event-occursOn-Date
Event::65_IBM_BPM_Low_Code_Development,Time::14:00:00,Event-scheduledAt-Time
Event::65_IBM_BPM_Low_Code_Development,Venue::San-Francisco,Event-heldAt-Venue
Event::65_IBM_BPM_Low_Code_Development,Host::IBM_Tech@Home_MEA,Event-hostedBy-Host
Event::65_IBM_BPM_Low_Code_Development,"OccasionType::Technology,business",Event-for-OccasionType
Event::66_Startup_Sales_&_Marketing_Tips,Date::2020-04-20T14:00:00,Event-occursOn-Date
Event::66_Startup_Sales_&_Marketing_Tips,Time::14:00:00,Event-scheduledAt-Time
Event::66_Startup_Sales_&_Marketing_Tips,Venue::San-Francisco,Event-heldAt-Venue
Event::66_Startup_Sales_&_Marketing_Tips,Host::Startup_Florence_Oregon_Coast,Event-hostedBy-Host
Event::66_Startup_Sales_&_Marketing_Tips,"OccasionType::Technology,business",Event-for-OccasionType
Event::67_Forward_and_Reverse,Date::2020-04-20T14:00:00,Event-occursOn-Date
Event::67_Forward_and_Reverse,Time::14:00:00,Event-scheduledAt-Time
Event::67_Forward_and_Reverse,Venue::San-Francisco,Event-heldAt-Venue
Event::67_Forward_and_Reverse,Host::API_Banking_Frankfurt,Event-hostedBy-Host
Event::67_Forward_and_Reverse,"OccasionType::Technology,business",Event-for-OccasionType
Event::68_SAS_UK_User_Webinar_Series_-Python_integration_using_SWAT_&_other_tips...,Date::2020-04-20T14:00:00,Event-occursOn-Date
Event::68_SAS_UK_User_Webinar_Series_-Python_integration_using_SWAT_&_other_tips...,Time::14:00:00,Event-scheduledAt-Time
Event::68_SAS_UK_User_Webinar_Series_-Python_integration_using_SWAT_&_other_tips...,Venue::San-Francisco,Event-heldAt-Venue
Event::68_SAS_UK_User_Webinar_Series_-Python_integration_using_SWAT_&_other_tips...,Host::SAS_User_Group_UK_&_Ireland,Event-hostedBy-Host
Event::68_SAS_UK_User_Webinar_Series_-Python_integration_using_SWAT_&_other_tips...,"OccasionType::Technology,business",Event-for-OccasionType
Event::69_Learn_using_Mural_for_online_workshops_-_Part_1:_Navigate_-_Add_&_format_content,Date::2020-04-20T14:00:00,Event-occursOn-Date
Event::69_Learn_using_Mural_for_online_workshops_-_Part_1:_Navigate_-_Add_&_format_content,Time::14:00:00,Event-scheduledAt-Time
Event::69_Learn_using_Mural_for_online_workshops_-_Part_1:_Navigate_-_Add_&_format_content,Venue::San-Francisco,Event-heldAt-Venue
Event::69_Learn_using_Mural_for_online_workshops_-_Part_1:_Navigate_-_Add_&_format_content,Host::Agile_atelier,Event-hostedBy-Host
Event::69_Learn_using_Mural_for_online_workshops_-_Part_1:_Navigate_-_Add_&_format_content,"OccasionType::Technology,business",Event-for-OccasionType
Event::70_How_to_Break_Into_Product_Management_Without_Prior_Experience_-_Webinar,Date::2020-04-20T14:00:00,Event-occursOn-Date
Event::70_How_to_Break_Into_Product_Management_Without_Prior_Experience_-_Webinar,Time::14:00:00,Event-scheduledAt-Time
Event::70_How_to_Break_Into_Product_Management_Without_Prior_Experience_-_Webinar,Venue::San-Francisco,Event-heldAt-Venue
Event::70_How_to_Break_Into_Product_Management_Without_Prior_Experience_-_Webinar,Host::Product_Management_Job_Hunters_San_Francisco,Event-hostedBy-Host
Event::70_How_to_Break_Into_Product_Management_Without_Prior_Experience_-_Webinar,"OccasionType::Technology,business",Event-for-OccasionType
Event::71_Storage_Insights_Pro_Introduction_and_Use_Cases,Date::2020-04-20T14:00:00,Event-occursOn-Date
Event::71_Storage_Insights_Pro_Introduction_and_Use_Cases,Time::14:00:00,Event-scheduledAt-Time
Event::71_Storage_Insights_Pro_Introduction_and_Use_Cases,Venue::San-Francisco,Event-heldAt-Venue
Event::71_Storage_Insights_Pro_Introduction_and_Use_Cases,Host::Master_of_Storage,Event-hostedBy-Host
Event::71_Storage_Insights_Pro_Introduction_and_Use_Cases,"OccasionType::Technology,business",Event-for-OccasionType
Event::72_Teams_Community_Finland_20.4._Online_tapaaminen_#TeamsFi,Date::2020-04-20T15:00:00,Event-occursOn-Date
Event::72_Teams_Community_Finland_20.4._Online_tapaaminen_#TeamsFi,Time::15:00:00,Event-scheduledAt-Time
Event::72_Teams_Community_Finland_20.4._Online_tapaaminen_#TeamsFi,Venue::San-Francisco,Event-heldAt-Venue
Event::72_Teams_Community_Finland_20.4._Online_tapaaminen_#TeamsFi,Host::Office_365_&_SharePoint_User_Group_Finland_#SPUGFI_#TEAMSFI,Event-hostedBy-Host
Event::72_Teams_Community_Finland_20.4._Online_tapaaminen_#TeamsFi,"OccasionType::Technology,business",Event-for-OccasionType
Event::73_[Webinar]_Haifa_Volunteer_WordPress_Help_Desk,Date::2020-04-20T15:00:00,Event-occursOn-Date
Event::73_[Webinar]_Haifa_Volunteer_WordPress_Help_Desk,Time::15:00:00,Event-scheduledAt-Time
Event::73_[Webinar]_Haifa_Volunteer_WordPress_Help_Desk,Venue::San-Francisco,Event-heldAt-Venue
Event::73_[Webinar]_Haifa_Volunteer_WordPress_Help_Desk,Host::Haifa_WordPress_Meetup_Group,Event-hostedBy-Host
Event::73_[Webinar]_Haifa_Volunteer_WordPress_Help_Desk,"OccasionType::Technology,business",Event-for-OccasionType
Event::74_Ethical_and_Trustworthy_AI_in_Finance,Date::2020-04-20T15:00:00,Event-occursOn-Date
Event::74_Ethical_and_Trustworthy_AI_in_Finance,Time::15:00:00,Event-scheduledAt-Time
Event::74_Ethical_and_Trustworthy_AI_in_Finance,Venue::San-Francisco,Event-heldAt-Venue
Event::74_Ethical_and_Trustworthy_AI_in_Finance,Host::Ethical_and_Trustworthy_AI_for_Business,Event-hostedBy-Host
Event::74_Ethical_and_Trustworthy_AI_in_Finance,"OccasionType::Technology,business",Event-for-OccasionType
Event::75_Office_Hours_With_Chris_Sims,Date::2020-04-20T15:00:00,Event-occursOn-Date
Event::75_Office_Hours_With_Chris_Sims,Time::15:00:00,Event-scheduledAt-Time
Event::75_Office_Hours_With_Chris_Sims,Venue::San-Francisco,Event-heldAt-Venue
Event::75_Office_Hours_With_Chris_Sims,Host::Scrum_Professionals,Event-hostedBy-Host
Event::75_Office_Hours_With_Chris_Sims,"OccasionType::Technology,business",Event-for-OccasionType
Event::76_Ogarnięty_Scrum_Master_-_czyli_jak_przygotować_się_do_zdarzeń_Scrum?,Date::2020-04-20T15:00:00,Event-occursOn-Date
Event::76_Ogarnięty_Scrum_Master_-_czyli_jak_przygotować_się_do_zdarzeń_Scrum?,Time::15:00:00,Event-scheduledAt-Time
Event::76_Ogarnięty_Scrum_Master_-_czyli_jak_przygotować_się_do_zdarzeń_Scrum?,Venue::San-Francisco,Event-heldAt-Venue
Event::76_Ogarnięty_Scrum_Master_-_czyli_jak_przygotować_się_do_zdarzeń_Scrum?,Host::Scrumvival_Poznań,Event-hostedBy-Host
Event::76_Ogarnięty_Scrum_Master_-_czyli_jak_przygotować_się_do_zdarzeń_Scrum?,"OccasionType::Technology,business",Event-for-OccasionType
Event::77_CPHUX_Webinar____How_to_make_a_oneliner_which_describes_you_best,Date::2020-04-20T15:00:00,Event-occursOn-Date
Event::77_CPHUX_Webinar____How_to_make_a_oneliner_which_describes_you_best,Time::15:00:00,Event-scheduledAt-Time
Event::77_CPHUX_Webinar____How_to_make_a_oneliner_which_describes_you_best,Venue::San-Francisco,Event-heldAt-Venue
Event::77_CPHUX_Webinar____How_to_make_a_oneliner_which_describes_you_best,Host::CPHUX,Event-hostedBy-Host
Event::77_CPHUX_Webinar____How_to_make_a_oneliner_which_describes_you_best,"OccasionType::Technology,business",Event-for-OccasionType
Event::78_Initiation_au_Design_Thinking_-_atelier_à_distance,Date::2020-04-20T15:00:00,Event-occursOn-Date
Event::78_Initiation_au_Design_Thinking_-_atelier_à_distance,Time::15:00:00,Event-scheduledAt-Time
Event::78_Initiation_au_Design_Thinking_-_atelier_à_distance,Venue::San-Francisco,Event-heldAt-Venue
Event::78_Initiation_au_Design_Thinking_-_atelier_à_distance,Host::UX_Design_et_Marketing_Digital,Event-hostedBy-Host
Event::78_Initiation_au_Design_Thinking_-_atelier_à_distance,"OccasionType::Technology,business",Event-for-OccasionType
Event::79_[curso_online]_Design_Thinking_em_tempos_de_isolamento_social,Date::2020-04-20T15:00:00,Event-occursOn-Date
Event::79_[curso_online]_Design_Thinking_em_tempos_de_isolamento_social,Time::15:00:00,Event-scheduledAt-Time
Event::79_[curso_online]_Design_Thinking_em_tempos_de_isolamento_social,Venue::San-Francisco,Event-heldAt-Venue
Event::79_[curso_online]_Design_Thinking_em_tempos_de_isolamento_social,Host::Fast_Forward_Design_Thinking_Hub_SãoPaulo,Event-hostedBy-Host
Event::79_[curso_online]_Design_Thinking_em_tempos_de_isolamento_social,"OccasionType::Technology,business",Event-for-OccasionType
Event::80_Webinar:_Thinking_Raw_by_Expedia_Group_Global_PM,Date::2020-04-20T15:30:00,Event-occursOn-Date
Event::80_Webinar:_Thinking_Raw_by_Expedia_Group_Global_PM,Time::15:30:00,Event-scheduledAt-Time
Event::80_Webinar:_Thinking_Raw_by_Expedia_Group_Global_PM,Venue::San-Francisco,Event-heldAt-Venue
Event::80_Webinar:_Thinking_Raw_by_Expedia_Group_Global_PM,Host::Product_School_San_Francisco,Event-hostedBy-Host
Event::80_Webinar:_Thinking_Raw_by_Expedia_Group_Global_PM,"OccasionType::Technology,business",Event-for-OccasionType
Event::81_Online_Workshop:_Meet_the_Azure_Leaders_series_–_Azure_Linux_VMs_and_Workloads,Date::2020-04-21T09:00:00,Event-occursOn-Date
Event::81_Online_Workshop:_Meet_the_Azure_Leaders_series_–_Azure_Linux_VMs_and_Workloads,Time::09:00:00,Event-scheduledAt-Time
Event::81_Online_Workshop:_Meet_the_Azure_Leaders_series_–_Azure_Linux_VMs_and_Workloads,Venue::San-Francisco,Event-heldAt-Venue
Event::81_Online_Workshop:_Meet_the_Azure_Leaders_series_–_Azure_Linux_VMs_and_Workloads,Host::Microsoft_Reactor_San_Francisco,Event-hostedBy-Host
Event::81_Online_Workshop:_Meet_the_Azure_Leaders_series_–_Azure_Linux_VMs_and_Workloads,"OccasionType::Technology,business",Event-for-OccasionType
Event::82_Metis_Corporate_Training_Series:_Intro_to_Python_Pt._3,Date::2020-04-21T09:00:00,Event-occursOn-Date
Event::82_Metis_Corporate_Training_Series:_Intro_to_Python_Pt._3,Time::09:00:00,Event-scheduledAt-Time
Event::82_Metis_Corporate_Training_Series:_Intro_to_Python_Pt._3,Venue::San-Francisco,Event-heldAt-Venue
Event::82_Metis_Corporate_Training_Series:_Intro_to_Python_Pt._3,Host::Metis:_San_Francisco_Data_Science,Event-hostedBy-Host
Event::82_Metis_Corporate_Training_Series:_Intro_to_Python_Pt._3,"OccasionType::Technology,business",Event-for-OccasionType
Event::83_AWS_Machine_learning_SuperPowers,Date::2020-04-21T09:00:00,Event-occursOn-Date
Event::83_AWS_Machine_learning_SuperPowers,Time::09:00:00,Event-scheduledAt-Time
Event::83_AWS_Machine_learning_SuperPowers,Venue::San-Francisco,Event-heldAt-Venue
Event::83_AWS_Machine_learning_SuperPowers,Host::Bay_Area_Computer_Vision_&_Deep_Learning_Meetup,Event-hostedBy-Host
Event::83_AWS_Machine_learning_SuperPowers,"OccasionType::Technology,business",Event-for-OccasionType
Event::84_ONLINE_EVENT:_Making_the_Most_of_Helm_3_with_Codefresh,Date::2020-04-21T09:00:00,Event-occursOn-Date
Event::84_ONLINE_EVENT:_Making_the_Most_of_Helm_3_with_Codefresh,Time::09:00:00,Event-scheduledAt-Time
Event::84_ONLINE_EVENT:_Making_the_Most_of_Helm_3_with_Codefresh,Venue::San-Francisco,Event-heldAt-Venue
Event::84_ONLINE_EVENT:_Making_the_Most_of_Helm_3_with_Codefresh,Host::Mountain_View_Kubernetes_Meetup,Event-hostedBy-Host
Event::84_ONLINE_EVENT:_Making_the_Most_of_Helm_3_with_Codefresh,"OccasionType::Technology,business",Event-for-OccasionType
Event::85_F50_Elevate_Open_House:_Startup_as_usual_#NewNormal,Date::2020-04-21T09:00:00,Event-occursOn-Date
Event::85_F50_Elevate_Open_House:_Startup_as_usual_#NewNormal,Time::09:00:00,Event-scheduledAt-Time
Event::85_F50_Elevate_Open_House:_Startup_as_usual_#NewNormal,Venue::San-Francisco,Event-heldAt-Venue
Event::85_F50_Elevate_Open_House:_Startup_as_usual_#NewNormal,Host::Silicon_Valley_Entrepreneurs_&_Startups_-_SVE,Event-hostedBy-Host
Event::85_F50_Elevate_Open_House:_Startup_as_usual_#NewNormal,"OccasionType::Technology,business",Event-for-OccasionType
Event::86_Stanford_HPC-AI_Advisory_Council_Conference_~_a_virtual_experience,Date::2020-04-21T09:00:00,Event-occursOn-Date
Event::86_Stanford_HPC-AI_Advisory_Council_Conference_~_a_virtual_experience,Time::09:00:00,Event-scheduledAt-Time
Event::86_Stanford_HPC-AI_Advisory_Council_Conference_~_a_virtual_experience,Venue::San-Francisco,Event-heldAt-Venue
Event::86_Stanford_HPC-AI_Advisory_Council_Conference_~_a_virtual_experience,Host::Stanford_High_Performance_Computing_and_Emerging_Technology,Event-hostedBy-Host
Event::86_Stanford_HPC-AI_Advisory_Council_Conference_~_a_virtual_experience,"OccasionType::Technology,business",Event-for-OccasionType
"Event::87_JavaScript_Remote_Study,_San_Jose_Coding_Bootcamp",Date::2020-04-21T09:00:00,Event-occursOn-Date
"Event::87_JavaScript_Remote_Study,_San_Jose_Coding_Bootcamp",Time::09:00:00,Event-scheduledAt-Time
"Event::87_JavaScript_Remote_Study,_San_Jose_Coding_Bootcamp",Venue::San-Francisco,Event-heldAt-Venue
"Event::87_JavaScript_Remote_Study,_San_Jose_Coding_Bootcamp",Host::San_Jose_Coding_Bootcamp,Event-hostedBy-Host
"Event::87_JavaScript_Remote_Study,_San_Jose_Coding_Bootcamp","OccasionType::Technology,business",Event-for-OccasionType
Event::88_COVID-19_@_F50_Global_Insights:_Elevating_HealthTech_Innovation_on_Zoom_Youtube,Date::2020-04-21T09:30:00,Event-occursOn-Date
Event::88_COVID-19_@_F50_Global_Insights:_Elevating_HealthTech_Innovation_on_Zoom_Youtube,Time::09:30:00,Event-scheduledAt-Time
Event::88_COVID-19_@_F50_Global_Insights:_Elevating_HealthTech_Innovation_on_Zoom_Youtube,Venue::San-Francisco,Event-heldAt-Venue
Event::88_COVID-19_@_F50_Global_Insights:_Elevating_HealthTech_Innovation_on_Zoom_Youtube,Host::The_Founder_Club_SV_SF,Event-hostedBy-Host
Event::88_COVID-19_@_F50_Global_Insights:_Elevating_HealthTech_Innovation_on_Zoom_Youtube,"OccasionType::Technology,business",Event-for-OccasionType
Event::89_GitOps_powered_management_for_multi-cluster_Kubernetes_across_any_cloud,Date::2020-04-21T10:00:00,Event-occursOn-Date
Event::89_GitOps_powered_management_for_multi-cluster_Kubernetes_across_any_cloud,Time::10:00:00,Event-scheduledAt-Time
Event::89_GitOps_powered_management_for_multi-cluster_Kubernetes_across_any_cloud,Venue::San-Francisco,Event-heldAt-Venue
Event::89_GitOps_powered_management_for_multi-cluster_Kubernetes_across_any_cloud,Host::Weave_Online_User_Group,Event-hostedBy-Host
Event::89_GitOps_powered_management_for_multi-cluster_Kubernetes_across_any_cloud,"OccasionType::Technology,business",Event-for-OccasionType
Event::90_Smartglasses:_How_and_when_they_will_replace_our_smart_phones_and_smart_watches,Date::2020-04-21T10:00:00,Event-occursOn-Date
Event::90_Smartglasses:_How_and_when_they_will_replace_our_smart_phones_and_smart_watches,Time::10:00:00,Event-scheduledAt-Time
Event::90_Smartglasses:_How_and_when_they_will_replace_our_smart_phones_and_smart_watches,Venue::San-Francisco,Event-heldAt-Venue
Event::90_Smartglasses:_How_and_when_they_will_replace_our_smart_phones_and_smart_watches,Host::VR_AR_Association_-_Silicon_Valley_Chapter,Event-hostedBy-Host
Event::90_Smartglasses:_How_and_when_they_will_replace_our_smart_phones_and_smart_watches,"OccasionType::Technology,business",Event-for-OccasionType
Event::91_NEEDS_&_LEADS_-_Lifograph_Online_Networking_&_Business_Matching_($5_ticket),Date::2020-04-21T11:00:00,Event-occursOn-Date
Event::91_NEEDS_&_LEADS_-_Lifograph_Online_Networking_&_Business_Matching_($5_ticket),Time::11:00:00,Event-scheduledAt-Time
Event::91_NEEDS_&_LEADS_-_Lifograph_Online_Networking_&_Business_Matching_($5_ticket),Venue::San-Francisco,Event-heldAt-Venue
Event::91_NEEDS_&_LEADS_-_Lifograph_Online_Networking_&_Business_Matching_($5_ticket),Host::Lifograph_San_Francisco_Business_Networking,Event-hostedBy-Host
Event::91_NEEDS_&_LEADS_-_Lifograph_Online_Networking_&_Business_Matching_($5_ticket),"OccasionType::Technology,business",Event-for-OccasionType
Event::92_DOGCAST!_-_Digital_Transformation_-_Stage_3,Date::2020-04-21T11:00:00,Event-occursOn-Date
Event::92_DOGCAST!_-_Digital_Transformation_-_Stage_3,Time::11:00:00,Event-scheduledAt-Time
Event::92_DOGCAST!_-_Digital_Transformation_-_Stage_3,Venue::San-Francisco,Event-heldAt-Venue
Event::92_DOGCAST!_-_Digital_Transformation_-_Stage_3,Host::NADOG_Silicon_Valley,Event-hostedBy-Host
Event::92_DOGCAST!_-_Digital_Transformation_-_Stage_3,"OccasionType::Technology,business",Event-for-OccasionType
Event::93_Product_Management_Live_Chat_by_Amazon_Web_Services_Senior_PM,Date::2020-04-21T11:30:00,Event-occursOn-Date
Event::93_Product_Management_Live_Chat_by_Amazon_Web_Services_Senior_PM,Time::11:30:00,Event-scheduledAt-Time
Event::93_Product_Management_Live_Chat_by_Amazon_Web_Services_Senior_PM,Venue::San-Francisco,Event-heldAt-Venue
Event::93_Product_Management_Live_Chat_by_Amazon_Web_Services_Senior_PM,Host::Product_School_Silicon_Valley,Event-hostedBy-Host
Event::93_Product_Management_Live_Chat_by_Amazon_Web_Services_Senior_PM,"OccasionType::Technology,business",Event-for-OccasionType
Event::94_Webinar:_How_to_Apply_PM_Principles_to_Your_Life_by_Fitbit_Sr_PM,Date::2020-04-21T11:30:00,Event-occursOn-Date
Event::94_Webinar:_How_to_Apply_PM_Principles_to_Your_Life_by_Fitbit_Sr_PM,Time::11:30:00,Event-scheduledAt-Time
Event::94_Webinar:_How_to_Apply_PM_Principles_to_Your_Life_by_Fitbit_Sr_PM,Venue::San-Francisco,Event-heldAt-Venue
Event::94_Webinar:_How_to_Apply_PM_Principles_to_Your_Life_by_Fitbit_Sr_PM,Host::Product_School_San_Francisco,Event-hostedBy-Host
Event::94_Webinar:_How_to_Apply_PM_Principles_to_Your_Life_by_Fitbit_Sr_PM,"OccasionType::Technology,business",Event-for-OccasionType
Event::95_***VIRTUAL***_MADE_Coworking,Date::2020-04-21T12:00:00,Event-occursOn-Date
Event::95_***VIRTUAL***_MADE_Coworking,Time::12:00:00,Event-scheduledAt-Time
Event::95_***VIRTUAL***_MADE_Coworking,Venue::San-Francisco,Event-heldAt-Venue
Event::95_***VIRTUAL***_MADE_Coworking,Host::SF_Bay_Area_Game_Jamming_&_Game_Design,Event-hostedBy-Host
Event::95_***VIRTUAL***_MADE_Coworking,"OccasionType::Technology,business",Event-for-OccasionType
Event::96_[Webinar]_Future_Focus:_Learning_at_Any_Age,Date::2020-04-21T15:00:00,Event-occursOn-Date
Event::96_[Webinar]_Future_Focus:_Learning_at_Any_Age,Time::15:00:00,Event-scheduledAt-Time
Event::96_[Webinar]_Future_Focus:_Learning_at_Any_Age,Venue::San-Francisco,Event-heldAt-Venue
Event::96_[Webinar]_Future_Focus:_Learning_at_Any_Age,"Host::Flatiron_School_SF_|_Coding,_Data_Science,_UX_UI_Design",Event-hostedBy-Host
Event::96_[Webinar]_Future_Focus:_Learning_at_Any_Age,"OccasionType::Technology,business",Event-for-OccasionType
Event::97_Webinar:_Growth_Optimization:_Metrics_&_Frameworks_by_MasterClass_Sr_PM,Date::2020-04-21T15:30:00,Event-occursOn-Date
Event::97_Webinar:_Growth_Optimization:_Metrics_&_Frameworks_by_MasterClass_Sr_PM,Time::15:30:00,Event-scheduledAt-Time
Event::97_Webinar:_Growth_Optimization:_Metrics_&_Frameworks_by_MasterClass_Sr_PM,Venue::San-Francisco,Event-heldAt-Venue
Event::97_Webinar:_Growth_Optimization:_Metrics_&_Frameworks_by_MasterClass_Sr_PM,Host::Product_School_San_Francisco,Event-hostedBy-Host
Event::97_Webinar:_Growth_Optimization:_Metrics_&_Frameworks_by_MasterClass_Sr_PM,"OccasionType::Technology,business",Event-for-OccasionType
Event::98_Web_Development_Fundamentals:_HTML_&_CSS_(Remote_Only),Date::2020-04-21T15:30:00,Event-occursOn-Date
Event::98_Web_Development_Fundamentals:_HTML_&_CSS_(Remote_Only),Time::15:30:00,Event-scheduledAt-Time
Event::98_Web_Development_Fundamentals:_HTML_&_CSS_(Remote_Only),Venue::San-Francisco,Event-heldAt-Venue
Event::98_Web_Development_Fundamentals:_HTML_&_CSS_(Remote_Only),Host::Build_With_Code_-_San_Francisco,Event-hostedBy-Host
Event::98_Web_Development_Fundamentals:_HTML_&_CSS_(Remote_Only),"OccasionType::Technology,business",Event-for-OccasionType
Event::99_Online_Workshop_-_Overview_of_Django,Date::2020-04-21T16:00:00,Event-occursOn-Date
Event::99_Online_Workshop_-_Overview_of_Django,Time::16:00:00,Event-scheduledAt-Time
Event::99_Online_Workshop_-_Overview_of_Django,Venue::San-Francisco,Event-heldAt-Venue
Event::99_Online_Workshop_-_Overview_of_Django,Host::Microsoft_Reactor_San_Francisco,Event-hostedBy-Host
Event::99_Online_Workshop_-_Overview_of_Django,"OccasionType::Technology,business",Event-for-OccasionType
Event::100_A_Kafkaesque_Raft_Protocol_(and_other_KIP-500_updates),Date::2020-04-21T16:00:00,Event-occursOn-Date
Event::100_A_Kafkaesque_Raft_Protocol_(and_other_KIP-500_updates),Time::16:00:00,Event-scheduledAt-Time
Event::100_A_Kafkaesque_Raft_Protocol_(and_other_KIP-500_updates),Venue::San-Francisco,Event-heldAt-Venue
Event::100_A_Kafkaesque_Raft_Protocol_(and_other_KIP-500_updates),Host::Bay_Area_Apache_Kafka®_Meetup,Event-hostedBy-Host
Event::100_A_Kafkaesque_Raft_Protocol_(and_other_KIP-500_updates),"OccasionType::Technology,business",Event-for-OccasionType
Event::101_Webinar:_Coronavirus_and_your_job_search,Date::2020-04-21T17:00:00,Event-occursOn-Date
Event::101_Webinar:_Coronavirus_and_your_job_search,Time::17:00:00,Event-scheduledAt-Time
Event::101_Webinar:_Coronavirus_and_your_job_search,Venue::San-Francisco,Event-heldAt-Venue
Event::101_Webinar:_Coronavirus_and_your_job_search,Host::Land_your_dream_job_in_tech,Event-hostedBy-Host
Event::101_Webinar:_Coronavirus_and_your_job_search,"OccasionType::Technology,business",Event-for-OccasionType
Event::102_Introduction_to_Knowledge_Graphs_with_Grakn_and_Graql,Date::2020-04-21T17:30:00,Event-occursOn-Date
Event::102_Introduction_to_Knowledge_Graphs_with_Grakn_and_Graql,Time::17:30:00,Event-scheduledAt-Time
Event::102_Introduction_to_Knowledge_Graphs_with_Grakn_and_Graql,Venue::San-Francisco,Event-heldAt-Venue
Event::102_Introduction_to_Knowledge_Graphs_with_Grakn_and_Graql,Host::Grakn_Bay_Area_Engineers,Event-hostedBy-Host
Event::102_Introduction_to_Knowledge_Graphs_with_Grakn_and_Graql,"OccasionType::Technology,business",Event-for-OccasionType
"Event::103_SVHealth_Monthly_Meetup_–_Networking,_StartUps_and_Keynote",Date::2020-04-21T18:00:00,Event-occursOn-Date
"Event::103_SVHealth_Monthly_Meetup_–_Networking,_StartUps_and_Keynote",Time::18:00:00,Event-scheduledAt-Time
"Event::103_SVHealth_Monthly_Meetup_–_Networking,_StartUps_and_Keynote",Venue::San-Francisco,Event-heldAt-Venue
"Event::103_SVHealth_Monthly_Meetup_–_Networking,_StartUps_and_Keynote",Host::Silicon_Valley_Health_2.0,Event-hostedBy-Host
"Event::103_SVHealth_Monthly_Meetup_–_Networking,_StartUps_and_Keynote","OccasionType::Technology,business",Event-for-OccasionType
Event::104_The_Product_and_Innovation_Unconference_-_April_2020,Date::2020-04-21T18:00:00,Event-occursOn-Date
Event::104_The_Product_and_Innovation_Unconference_-_April_2020,Time::18:00:00,Event-scheduledAt-Time
Event::104_The_Product_and_Innovation_Unconference_-_April_2020,Venue::San-Francisco,Event-heldAt-Venue
Event::104_The_Product_and_Innovation_Unconference_-_April_2020,Host::SF_Product_Management_Speaker_Series,Event-hostedBy-Host
Event::104_The_Product_and_Innovation_Unconference_-_April_2020,"OccasionType::Technology,business",Event-for-OccasionType
Event::105_Machine_Learning_&_Complex_Systems_with_Founding_Engineer_for_Tesla's_Autopilot,Date::2020-04-21T18:00:00,Event-occursOn-Date
Event::105_Machine_Learning_&_Complex_Systems_with_Founding_Engineer_for_Tesla's_Autopilot,Time::18:00:00,Event-scheduledAt-Time
Event::105_Machine_Learning_&_Complex_Systems_with_Founding_Engineer_for_Tesla's_Autopilot,Venue::San-Francisco,Event-heldAt-Venue
Event::105_Machine_Learning_&_Complex_Systems_with_Founding_Engineer_for_Tesla's_Autopilot,Host::Cross-Functional_AI_Teams_for_Business_Impact,Event-hostedBy-Host
Event::105_Machine_Learning_&_Complex_Systems_with_Founding_Engineer_for_Tesla's_Autopilot,"OccasionType::Technology,business",Event-for-OccasionType
Event::106_Women's_Javascript_Study_Group:_Intro_to_JS_and_React,Date::2020-04-21T18:00:00,Event-occursOn-Date
Event::106_Women's_Javascript_Study_Group:_Intro_to_JS_and_React,Time::18:00:00,Event-scheduledAt-Time
Event::106_Women's_Javascript_Study_Group:_Intro_to_JS_and_React,Venue::San-Francisco,Event-heldAt-Venue
Event::106_Women's_Javascript_Study_Group:_Intro_to_JS_and_React,Host::Women_Who_Code_SF,Event-hostedBy-Host
Event::106_Women's_Javascript_Study_Group:_Intro_to_JS_and_React,"OccasionType::Technology,business",Event-for-OccasionType
Event::107_[Virtual]_Intro_to_APIs_with_JavaScript_:_Workshop,Date::2020-04-21T18:00:00,Event-occursOn-Date
Event::107_[Virtual]_Intro_to_APIs_with_JavaScript_:_Workshop,Time::18:00:00,Event-scheduledAt-Time
Event::107_[Virtual]_Intro_to_APIs_with_JavaScript_:_Workshop,Venue::San-Francisco,Event-heldAt-Venue
Event::107_[Virtual]_Intro_to_APIs_with_JavaScript_:_Workshop,"Host::Flatiron_School_SF_|_Coding,_Data_Science,_UX_UI_Design",Event-hostedBy-Host
Event::107_[Virtual]_Intro_to_APIs_with_JavaScript_:_Workshop,"OccasionType::Technology,business",Event-for-OccasionType
Event::108_Post_Covid_Futures,Date::2020-04-21T18:00:00,Event-occursOn-Date
Event::108_Post_Covid_Futures,Time::18:00:00,Event-scheduledAt-Time
Event::108_Post_Covid_Futures,Venue::San-Francisco,Event-heldAt-Venue
Event::108_Post_Covid_Futures,Host::SF_Speculative_Futures,Event-hostedBy-Host
Event::108_Post_Covid_Futures,"OccasionType::Technology,business",Event-for-OccasionType
Event::109_Leetcode_Beginner_Course_:_https:__t.me_techbayarea_(Paid_:_see_details),Date::2020-04-21T18:00:00,Event-occursOn-Date
Event::109_Leetcode_Beginner_Course_:_https:__t.me_techbayarea_(Paid_:_see_details),Time::18:00:00,Event-scheduledAt-Time
Event::109_Leetcode_Beginner_Course_:_https:__t.me_techbayarea_(Paid_:_see_details),Venue::San-Francisco,Event-heldAt-Venue
Event::109_Leetcode_Beginner_Course_:_https:__t.me_techbayarea_(Paid_:_see_details),Host::TechBayArea_:_Build_Skills_with_Interactive_Courses_!,Event-hostedBy-Host
Event::109_Leetcode_Beginner_Course_:_https:__t.me_techbayarea_(Paid_:_see_details),"OccasionType::Technology,business",Event-for-OccasionType
Event::110_General_Meeting:_Agile_from_the_Center_-_Succeeding_at_Scale,Date::2020-04-21T18:30:00,Event-occursOn-Date
Event::110_General_Meeting:_Agile_from_the_Center_-_Succeeding_at_Scale,Time::18:30:00,Event-scheduledAt-Time
Event::110_General_Meeting:_Agile_from_the_Center_-_Succeeding_at_Scale,Venue::San-Francisco,Event-heldAt-Venue
Event::110_General_Meeting:_Agile_from_the_Center_-_Succeeding_at_Scale,Host::Bay_Area_Agile_Leadership_Network,Event-hostedBy-Host
Event::110_General_Meeting:_Agile_from_the_Center_-_Succeeding_at_Scale,"OccasionType::Technology,business",Event-for-OccasionType
Event::111_OpenOakland_Civic_Hack_Night,Date::2020-04-21T18:30:00,Event-occursOn-Date
Event::111_OpenOakland_Civic_Hack_Night,Time::18:30:00,Event-scheduledAt-Time
Event::111_OpenOakland_Civic_Hack_Night,Venue::San-Francisco,Event-heldAt-Venue
Event::111_OpenOakland_Civic_Hack_Night,Host::OpenOakland:_The_Code_for_America_Brigade_in_Oakland,Event-hostedBy-Host
Event::111_OpenOakland_Civic_Hack_Night,"OccasionType::Technology,business",Event-for-OccasionType
Event::112_Noisebridge_Extended_Tour,Date::2020-04-21T19:00:00,Event-occursOn-Date
Event::112_Noisebridge_Extended_Tour,Time::19:00:00,Event-scheduledAt-Time
Event::112_Noisebridge_Extended_Tour,Venue::San-Francisco,Event-heldAt-Venue
Event::112_Noisebridge_Extended_Tour,Host::Noisebridge_Hackerspace,Event-hostedBy-Host
Event::112_Noisebridge_Extended_Tour,"OccasionType::Technology,business",Event-for-OccasionType
Event::113_Building_Your_Crowdfunding_with_Patreon_-_Sean_Howard,Date::2020-04-21T19:00:00,Event-occursOn-Date
Event::113_Building_Your_Crowdfunding_with_Patreon_-_Sean_Howard,Time::19:00:00,Event-scheduledAt-Time
Event::113_Building_Your_Crowdfunding_with_Patreon_-_Sean_Howard,Venue::San-Francisco,Event-heldAt-Venue
Event::113_Building_Your_Crowdfunding_with_Patreon_-_Sean_Howard,Host::California_Podcast_Association_(CPA),Event-hostedBy-Host
Event::113_Building_Your_Crowdfunding_with_Patreon_-_Sean_Howard,"OccasionType::Technology,business",Event-for-OccasionType
Event::114_SQL_Query_Logical_Processing_with_Ami_Levin,Date::2020-04-21T19:00:00,Event-occursOn-Date
Event::114_SQL_Query_Logical_Processing_with_Ami_Levin,Time::19:00:00,Event-scheduledAt-Time
Event::114_SQL_Query_Logical_Processing_with_Ami_Levin,Venue::San-Francisco,Event-heldAt-Venue
Event::114_SQL_Query_Logical_Processing_with_Ami_Levin,Host::Silicon_Valley_Microsoft_Data_Platform_Meetup,Event-hostedBy-Host
Event::114_SQL_Query_Logical_Processing_with_Ami_Levin,"OccasionType::Technology,business",Event-for-OccasionType
Event::115_Online_event_-_Topic_to_be_determine,Date::2020-04-21T19:00:00,Event-occursOn-Date
Event::115_Online_event_-_Topic_to_be_determine,Time::19:00:00,Event-scheduledAt-Time
Event::115_Online_event_-_Topic_to_be_determine,Venue::San-Francisco,Event-heldAt-Venue
Event::115_Online_event_-_Topic_to_be_determine,Host::SF_Developer_Relations,Event-hostedBy-Host
Event::115_Online_event_-_Topic_to_be_determine,"OccasionType::Technology,business",Event-for-OccasionType
Event::116_Kombucha_Genomics_project_Zoom_call,Date::2020-04-21T19:00:00,Event-occursOn-Date
Event::116_Kombucha_Genomics_project_Zoom_call,Time::19:00:00,Event-scheduledAt-Time
Event::116_Kombucha_Genomics_project_Zoom_call,Venue::San-Francisco,Event-heldAt-Venue
Event::116_Kombucha_Genomics_project_Zoom_call,Host::Counter_Culture_Labs,Event-hostedBy-Host
Event::116_Kombucha_Genomics_project_Zoom_call,"OccasionType::Technology,business",Event-for-OccasionType
"Event::117_COVID-19,_robots_and_us_*RSVP_Eventbrite",Date::2020-04-21T19:00:00,Event-occursOn-Date
"Event::117_COVID-19,_robots_and_us_*RSVP_Eventbrite",Time::19:00:00,Event-scheduledAt-Time
"Event::117_COVID-19,_robots_and_us_*RSVP_Eventbrite",Venue::San-Francisco,Event-heldAt-Venue
"Event::117_COVID-19,_robots_and_us_*RSVP_Eventbrite",Host::Silicon_Valley_Robotics,Event-hostedBy-Host
"Event::117_COVID-19,_robots_and_us_*RSVP_Eventbrite","OccasionType::Technology,business",Event-for-OccasionType
Event::118_Noisebridge_General_Meeting,Date::2020-04-21T20:00:00,Event-occursOn-Date
Event::118_Noisebridge_General_Meeting,Time::20:00:00,Event-scheduledAt-Time
Event::118_Noisebridge_General_Meeting,Venue::San-Francisco,Event-heldAt-Venue
Event::118_Noisebridge_General_Meeting,Host::Noisebridge_Hackerspace,Event-hostedBy-Host
Event::118_Noisebridge_General_Meeting,"OccasionType::Technology,business",Event-for-OccasionType
Event::119_Product_Management_Live_Chat_by_Amazon_Web_Services_Senior_PM,Date::2020-04-21T23:30:00,Event-occursOn-Date
Event::119_Product_Management_Live_Chat_by_Amazon_Web_Services_Senior_PM,Time::23:30:00,Event-scheduledAt-Time
Event::119_Product_Management_Live_Chat_by_Amazon_Web_Services_Senior_PM,Venue::San-Francisco,Event-heldAt-Venue
Event::119_Product_Management_Live_Chat_by_Amazon_Web_Services_Senior_PM,Host::Product_School_San_Francisco,Event-hostedBy-Host
Event::119_Product_Management_Live_Chat_by_Amazon_Web_Services_Senior_PM,"OccasionType::Technology,business",Event-for-OccasionType
