{
  "query": {
    "date_from": "2020-04-20",
    "date_to": "2020-04-21"
  },
  "matched_event_count": 120,
  "subgraph_nodes": 291,
  "subgraph_edges": 600,
  "matched_event_nodes": [
    "Event::53_[Online]_How_to_Build_Solutions_that_Fight_Back",
    "Event::16_Digital_PyCon_Sprint",
    "Event::21_ONLINE_Blockchain030_|_Co-working_Mondays",
    "Event::118_Noisebridge_General_Meeting",
    "Event::39_Generative_Adversarial_Networks_-_Online_Only",
    "Event::97_Webinar:_Growth_Optimization:_Metrics_&_Frameworks_by_MasterClass_Sr_PM",
    "Event::90_Smartglasses:_How_and_when_they_will_replace_our_smart_phones_and_smart_watches",
    "Event::98_Web_Development_Fundamentals:_HTML_&_CSS_(Remote_Only)",
    "Event::23_JavaScript_Immersive_Bootcamp",
    "Event::37_Learn_How_Azure_NetApp_Files_Can_Accelerate_Your_Company’s_Move_to_the_Cloud",
    "Event::17_Reboot_Your_Skills",
    "Event::51_The_Learning_Organisation",
    "Event::13_Formation_1_jour_-_Vous_donner_des_billes_en_facilitation_-_Animer_un_groupe",
    "Event::114_SQL_Query_Logical_Processing_with_Ami_Levin",
    "Event::2_enterprise:CODE_2020",
    "Event::42_ONLINE:_GDG_Greater_LA_Community_Lunch",
    "Event::1_Live_SouJava-_Microservice_Patterns_-_Implemented_by_Eclipse_Microprofile",
    "Event::56_How_To_Build_Your_Business_on_IBM_Cloud_-_Containers",
    "Event::62_Coffee_Break:_Microsoft_BI_Data_Platform_online_session_(15_minutes)",
    "Event::40_2_more_Certified_Large_Scale_Scrum_Basics_(CLB)_in_April",
    "Event::108_Post_Covid_Futures",
    "Event::94_Webinar:_How_to_Apply_PM_Principles_to_Your_Life_by_Fitbit_Sr_PM",
    "Event::25_Online_Python_for_Data_Science_Immersive",
    "Event::85_F50_Elevate_Open_House:_Startup_as_usual_#NewNormal",
    "Event::3_Certified_CISO",
    "Event::10_Let’s_take_a_mindful_moment_(weekly_25min_mindfulness_Mondays_8:30_ZOOM)",
    "Event::32_IWD_-_International_Women's_Day_-_WTM",
    "Event::28_AWSome_Week_2020",
    "Event::27_Online_Python_Immersive_•_Start_a_Career_with_Python_(1_Week_Course)",
    "Event::109_Leetcode_Beginner_Course_:_https:__t.me_techbayarea_(Paid_:_see_details)",
    "Event::64_Oh_Sh*t_it's_Monday!'",
    "Event::115_Online_event_-_Topic_to_be_determine",
    "Event::99_Online_Workshop_-_Overview_of_Django",
    "Event::72_Teams_Community_Finland_20.4._Online_tapaaminen_#TeamsFi",
    "Event::43_The_West_Michigan_Agile_Community_Meet_Up",
    "Event::34_ASK_ME_ANYTHING:_A_LIFE_OF_A_UX_DESIGNER",
    "Event::20_PYTHON_PROGRAMMING_DATA_ANALYTICS_Day_1_5_($1800_Pay_at_Door)",
    "Event::35_Accelerate_the_Pace_of_Enterprise_Data_Estate_Modernization",
    "Event::71_Storage_Insights_Pro_Introduction_and_Use_Cases",
    "Event::113_Building_Your_Crowdfunding_with_Patreon_-_Sean_Howard",
    "Event::9_ANDROID_MAKERS_2020_VIRTUAL_EDITION",
    "Event::57_BlokTech_x_Longevity_Genes:_Blockchain,_Aging,_Supplements",
    "Event::38_Product_Management_Live_Chat_by_Product_School_CEO",
    "Event::69_Learn_using_Mural_for_online_workshops_-_Part_1:_Navigate_-_Add_&_format_content",
    "Event::82_Metis_Corporate_Training_Series:_Intro_to_Python_Pt._3",
    "Event::112_Noisebridge_Extended_Tour",
    "Event::117_COVID-19,_robots_and_us_*RSVP_Eventbrite",
    "Event::79_[curso_online]_Design_Thinking_em_tempos_de_isolamento_social",
    "Event::102_Introduction_to_Knowledge_Graphs_with_Grakn_and_Graql",
    "Event::29_Online_Workshop:_Kubernetes,_Docker,_Containers_for_Beginners",
    "Event::30_Lean_Agile_Mindset_in_Times_of_Crisis_5of5",
    "Event::15_ONLINE!_Enterprise_Agility_Masterclass_(ICP-ENT)_-_Georg_Fasching_&_Sam_Kiani",
    "Event::22_Firebase_Study_Jam_2020",
    "Event::75_Office_Hours_With_Chris_Sims",
    "Event::33_Meet_the_Legal_Techs_of_the_Future-Law_Digitale_Initiative_\"Corona\"",
    "Event::11_Agile-Lean_Ireland_2020",
    "Event::101_Webinar:_Coronavirus_and_your_job_search",
    "Event::68_SAS_UK_User_Webinar_Series_-Python_integration_using_SWAT_&_other_tips...",
    "Event::88_COVID-19_@_F50_Global_Insights:_Elevating_HealthTech_Innovation_on_Zoom_Youtube",
    "Event::44_Workflowy_|_Show_and_Tell_met_Martijn_Aslander",
    "Event::50_Software_Engineer_Hiring_Event_-_Online_Townhall_Meeting",
    "Event::58_Webinar_(Arabic):_Deploy_a_Python_App_Using_Red_Hat_OpenShift",
    "Event::4_Certified_Ethical_Hacker_(CEH)",
    "Event::100_A_Kafkaesque_Raft_Protocol_(and_other_KIP-500_updates)",
    "Event::110_General_Meeting:_Agile_from_the_Center_-_Succeeding_at_Scale",
    "Event::12_KubeFlow,_TFX,_GPU_TPU,_Spark,_TensorFlow,_Kubernetes,_Kafka,_Scikit",
    "Event::65_IBM_BPM_Low_Code_Development",
    "Event::52_Advanced_Threat_Intel_&_Proper_Incident_Qualification_using_AI",
    "Event::14_Fullstack_Coding_Bootcamp_Across_the_Border_from_Hong_Kong",
    "Event::81_Online_Workshop:_Meet_the_Azure_Leaders_series_–_Azure_Linux_VMs_and_Workloads",
    "Event::119_Product_Management_Live_Chat_by_Amazon_Web_Services_Senior_PM",
    "Event::106_Women's_Javascript_Study_Group:_Intro_to_JS_and_React",
    "Event::93_Product_Management_Live_Chat_by_Amazon_Web_Services_Senior_PM",
    "Event::105_Machine_Learning_&_Complex_Systems_with_Founding_Engineer_for_Tesla's_Autopilot",
    "Event::6_Agile_&_Coffee_(Blagnac)",
    "Event::8_Android_Makers_Virtual_Edition_2020",
    "Event::73_[Webinar]_Haifa_Volunteer_WordPress_Help_Desk",
    "Event::103_SVHealth_Monthly_Meetup_–_Networking,_StartUps_and_Keynote",
    "Event::77_CPHUX_Webinar____How_to_make_a_oneliner_which_describes_you_best",
    "Event::84_ONLINE_EVENT:_Making_the_Most_of_Helm_3_with_Codefresh",
    "Event::41_Why_the_world_needs_DeFi_with_Alex_Batlin_&_CryptoMondays_London",
    "Event::86_Stanford_HPC-AI_Advisory_Council_Conference_~_a_virtual_experience",
    "Event::54_Online_Presentation_|_Trade_Mark_Registration,_what_is_it_&_why_should_I_bother?",
    "Event::76_Ogarnięty_Scrum_Master_-_czyli_jak_przygotować_się_do_zdarzeń_Scrum?",
    "Event::60_Creating_Shape_Maps_in_Power_BI_(Option_1)",
    "Event::104_The_Product_and_Innovation_Unconference_-_April_2020",
    "Event::24_ONLINE:_Southwest_CMG_–_Performance_&_Cost_Optimization",
    "Event::61_CATCH_UP_|_LCU_Community_Project_|_Digital_Identity_SSI",
    "Event::0_Webinar:_PM_in_a_Startup_Setting_by_Alexa_Product_Lead",
    "Event::66_Startup_Sales_&_Marketing_Tips",
    "Event::7_Women_in_Data_Science_(WiDS)_PSU_Riyadh,March_2,2020",
    "Event::67_Forward_and_Reverse",
    "Event::80_Webinar:_Thinking_Raw_by_Expedia_Group_Global_PM",
    "Event::47_Meet_Dave_Snowden",
    "Event::89_GitOps_powered_management_for_multi-cluster_Kubernetes_across_any_cloud",
    "Event::36_Fighting_It_Together_|_Virtual_Hackathon_Kickoff",
    "Event::45_[1_hr_Free]_PipelineAI,_GPU,_TPU,_Spark,_TensorFlow,_Kubernetes,_Kafka,_Scikit",
    "Event::92_DOGCAST!_-_Digital_Transformation_-_Stage_3",
    "Event::18_DataArt_Online_Week",
    "Event::26_Online_Python_Immersive_•_Start_a_Career_with_Python_(1_Week_Course)",
    "Event::74_Ethical_and_Trustworthy_AI_in_Finance",
    "Event::95_***VIRTUAL***_MADE_Coworking",
    "Event::111_OpenOakland_Civic_Hack_Night",
    "Event::48_ZK-TOR_0x03_-_At_Home_Edition_-_MPC-in-the-Head,_another_ZK_approach",
    "Event::83_AWS_Machine_learning_SuperPowers",
    "Event::78_Initiation_au_Design_Thinking_-_atelier_à_distance",
    "Event::59_#AI_Predictive_Analytic_Automation_tools_ONLINE_FREE_EVENT_|_IBM",
    "Event::55_CTO's_in_London_with_Michael_Anderson:_Leading_your_Team_Through_this_Crisis.",
    "Event::5_A4Q_AI_&_SOFTWARE_TESTING",
    "Event::70_How_to_Break_Into_Product_Management_Without_Prior_Experience_-_Webinar",
    "Event::49_[Online_session]_How_to_set_up_the_Growth_Engine_for_your_Startup",
    "Event::96_[Webinar]_Future_Focus:_Learning_at_Any_Age",
    "Event::91_NEEDS_&_LEADS_-_Lifograph_Online_Networking_&_Business_Matching_($5_ticket)",
    "Event::31_Advice_on_Startup_Funding_and_Accelerators",
    "Event::116_Kombucha_Genomics_project_Zoom_call",
    "Event::46_009_-_ORGA_-_Présentation_du_nouveau_site_vuemontreal.org",
    "Event::63_Certificate_Program_in_Deep_Reinforcement_Learning_(Online)_-_Session_1",
    "Event::87_JavaScript_Remote_Study,_San_Jose_Coding_Bootcamp",
    "Event::107_[Virtual]_Intro_to_APIs_with_JavaScript_:_Workshop",
    "Event::19_Online:_Introduction_to_Machine_Learning"
  ]
}