{
  "nodes": [
    {
      "id": "Time::00:00:00",
      "attrs": {
        "type": "Time",
        "value": "00:00:00"
      }
    },
    {
      "id": "Event::0_Webinar:_PM_in_a_Startup_Setting_by_Alexa_Product_Lead",
      "attrs": {
        "type": "Event",
        "title": "Webinar: PM in a Startup Setting by Alexa Product Lead",
        "datetime": "2020-04-20T00:00:00",
        "date_raw": "2020-04-20 00:00:00",
        "time_raw": "00:00:00"
      }
    },
    {
      "id": "OccasionType::Technology,business",
      "attrs": {
        "type": "OccasionType",
        "name": "Technology,business"
      }
    },
    {
      "id": "Venue::San-Francisco",
      "attrs": {
        "type": "Venue",
        "name": "San-Francisco"
      }
    },
    {
      "id": "Date::2020-04-20T00:00:00",
      "attrs": {
        "type": "Date",
        "value": "2020-04-20T00:00:00"
      }
    },
    {
      "id": "Host::Product_School_Bangalore",
      "attrs": {
        "type": "Host",
        "name": "Product School Bangalore"
      }
    }
  ],
  "edges": [
    {
      "source": "Event::0_Webinar:_PM_in_a_Startup_Setting_by_Alexa_Product_Lead",
      "target": "Date::2020-04-20T00:00:00",
      "key": 0,
      "attrs": {
        "relation": "Event-occursOn-Date"
      }
    },
    {
      "source": "Event::0_Webinar:_PM_in_a_Startup_Setting_by_Alexa_Product_Lead",
      "target": "Time::00:00:00",
      "key": 0,
      "attrs": {
        "relation": "Event-scheduledAt-Time"
      }
    },
    {
      "source": "Event::0_Webinar:_PM_in_a_Startup_Setting_by_Alexa_Product_Lead",
      "target": "Venue::San-Francisco",
      "key": 0,
      "attrs": {
        "relation": "Event-heldAt-Venue"
      }
    },
    {
      "source": "Event::0_Webinar:_PM_in_a_Startup_Setting_by_Alexa_Product_Lead",
      "target": "Host::Product_School_Bangalore",
      "key": 0,
      "attrs": {
        "relation": "Event-hostedBy-Host"
      }
    },
    {
      "source": "Event::0_Webinar:_PM_in_a_Startup_Setting_by_Alexa_Product_Lead",
      "target": "OccasionType::Technology,business",
      "key": 0,
      "attrs": {
        "relation": "Event-for-OccasionType"
      }
    }
  ]
}