source,target,relation
Event::0_Webinar:_PM_in_a_Startup_Setting_by_Alexa_Product_Lead,Date::2020-04-20T00:00:00,Event-occursOn-Date
Event::0_Webinar:_PM_in_a_Startup_Setting_by_Alexa_Product_Lead,Time::00:00:00,Event-scheduledAt-Time
Event::0_Webinar:_PM_in_a_Startup_Setting_by_Alexa_Product_Lead,Venue::San-Francisco,Event-heldAt-Venue
Event::0_Webinar:_PM_in_a_Startup_Setting_by_Alexa_Product_Lead,Host::Product_School_Bangalore,Event-hostedBy-Host
Event::0_Webinar:_PM_in_a_Startup_Setting_by_Alexa_Product_Lead,"OccasionType::Technology,business",Event-for-OccasionType
