{
  "query": {
    "venue": "San-Francisco"
  },
  "matched_event_count": 220,
  "subgraph_nodes": 553,
  "subgraph_edges": 1100,
  "matched_event_nodes": [
    "Event::53_[Online]_How_to_Build_Solutions_that_Fight_Back",
    "Event::211_Women's_Javascript_Study_Group:_Intro_to_JS_and_React",
    "Event::172_Cloud_Hopping_with_Kubernetes_-_Online_Only",
    "Event::205_LeetCode:_online_:_Questions_on_google_groups",
    "Event::212_OpenOakland_Civic_Hack_Night",
    "Event::214_How_to_ace_the_behavioral_interview:_Workshop_and_mock_interviews",
    "Event::16_Digital_PyCon_Sprint",
    "Event::153_CCL_Working_Meeting_Zoom_call",
    "Event::154_Gamebridge_Unityversity_C#_Unity_Game_Dev_-_Art_And_Etcetera",
    "Event::21_ONLINE_Blockchain030_|_Co-working_Mondays",
    "Event::118_Noisebridge_General_Meeting",
    "Event::39_Generative_Adversarial_Networks_-_Online_Only",
    "Event::97_Webinar:_Growth_Optimization:_Metrics_&_Frameworks_by_MasterClass_Sr_PM",
    "Event::90_Smartglasses:_How_and_when_they_will_replace_our_smart_phones_and_smart_watches",
    "Event::151_Scripts_&_Things_April",
    "Event::135_How_to_Harvest_Energy_from_various_sources_to_significantly_boost_battery_life",
    "Event::190_The_Virtual_Super_Networking_Event_-_Opportunities_for_Business_&_Life",
    "Event::98_Web_Development_Fundamentals:_HTML_&_CSS_(Remote_Only)",
    "Event::143_Live_GitOps_demo_from_zero_to_example_app_with_HTTPS,_DNS,_and_Nginx-ingress",
    "Event::198_Presto_TechTalks_a_Virtual_Meetup",
    "Event::160_Practice_of_eXtreme_DevOps_with_Traefik_presented_by_James_Pic,_CTO,_YourLabs",
    "Event::23_JavaScript_Immersive_Bootcamp",
    "Event::156_How_to_Pitch_to_Investors_and_Get_the_Deal_in_a_COVID-19_World",
    "Event::37_Learn_How_Azure_NetApp_Files_Can_Accelerate_Your_Company’s_Move_to_the_Cloud",
    "Event::127_A_GitOps_model_for_managing_GRC_for_Kubernetes_platforms",
    "Event::128_Workshop_|_Introduction_to_Data_Analysis_for_Aspiring_Data_Scientists:_Part_3",
    "Event::17_Reboot_Your_Skills",
    "Event::51_The_Learning_Organisation",
    "Event::13_Formation_1_jour_-_Vous_donner_des_billes_en_facilitation_-_Animer_un_groupe",
    "Event::197_Online_Meetup:_Deep_Learning_Master_Class_V_-_Advance_RNNs,_LSTMs,_and_GRUs",
    "Event::114_SQL_Query_Logical_Processing_with_Ami_Levin",
    "Event::125_Preparing_for_the_Bootcamp:_Webinar",
    "Event::162_ONLINE_EVENT:_Simplify_your_Code_with_Helmfile",
    "Event::164_Ultra_Fast_Deep_Learning_in_Hybrid_Cloud_Using_Intel_Analytics_Zoo_&_Alluxio",
    "Event::2_enterprise:CODE_2020",
    "Event::42_ONLINE:_GDG_Greater_LA_Community_Lunch",
    "Event::1_Live_SouJava-_Microservice_Patterns_-_Implemented_by_Eclipse_Microprofile",
    "Event::56_How_To_Build_Your_Business_on_IBM_Cloud_-_Containers",
    "Event::62_Coffee_Break:_Microsoft_BI_Data_Platform_online_session_(15_minutes)",
    "Event::186_Thinkful_Webinar_|_Free_Crash_Course:_Natural_Language_Processing",
    "Event::40_2_more_Certified_Large_Scale_Scrum_Basics_(CLB)_in_April",
    "Event::108_Post_Covid_Futures",
    "Event::94_Webinar:_How_to_Apply_PM_Principles_to_Your_Life_by_Fitbit_Sr_PM",
    "Event::133_Virtual_Meetup_-_Kubernetes_&_OpenShift_Workshop!",
    "Event::171_[Virtual_Event]_When_&_Why:_Cassandra_vs._CockroachDB",
    "Event::216_??Pub_Crawl_with_International_Travelers_&_Locals??_(EVERY_WEDNESDAY)",
    "Event::25_Online_Python_for_Data_Science_Immersive",
    "Event::85_F50_Elevate_Open_House:_Startup_as_usual_#NewNormal",
    "Event::3_Certified_CISO",
    "Event::10_Let’s_take_a_mindful_moment_(weekly_25min_mindfulness_Mondays_8:30_ZOOM)",
    "Event::183_Virtual_Workshop:_Self-Supervised_and_Deep_Reinforcement_Learning",
    "Event::203_Whiteboard_Warriors_#19_(Online)_????",
    "Event::32_IWD_-_International_Women's_Day_-_WTM",
    "Event::28_AWSome_Week_2020",
    "Event::27_Online_Python_Immersive_•_Start_a_Career_with_Python_(1_Week_Course)",
    "Event::109_Leetcode_Beginner_Course_:_https:__t.me_techbayarea_(Paid_:_see_details)",
    "Event::210_Product_Management_Live_Chat_by_Salesforce_Director_of_PM",
    "Event::169_5G_Hype_vs._Reality_-_Learn_What_It_Can_Really_Do!",
    "Event::189_How_to_Have_the_Best_B2B_Approach_in_Product_by_Google_PM",
    "Event::64_Oh_Sh*t_it's_Monday!'",
    "Event::115_Online_event_-_Topic_to_be_determine",
    "Event::99_Online_Workshop_-_Overview_of_Django",
    "Event::132_[Online]_Terraform_Workshop",
    "Event::72_Teams_Community_Finland_20.4._Online_tapaaminen_#TeamsFi",
    "Event::43_The_West_Michigan_Agile_Community_Meet_Up",
    "Event::195_Getting_Started_with_Python_–_Installation,_REPL,_and_Variables",
    "Event::181_Software_Test_Automation_Meetup_and_Networking_Session_(ONLINE)",
    "Event::34_ASK_ME_ANYTHING:_A_LIFE_OF_A_UX_DESIGNER",
    "Event::20_PYTHON_PROGRAMMING_DATA_ANALYTICS_Day_1_5_($1800_Pay_at_Door)",
    "Event::35_Accelerate_the_Pace_of_Enterprise_Data_Estate_Modernization",
    "Event::71_Storage_Insights_Pro_Introduction_and_Use_Cases",
    "Event::113_Building_Your_Crowdfunding_with_Patreon_-_Sean_Howard",
    "Event::9_ANDROID_MAKERS_2020_VIRTUAL_EDITION",
    "Event::57_BlokTech_x_Longevity_Genes:_Blockchain,_Aging,_Supplements",
    "Event::38_Product_Management_Live_Chat_by_Product_School_CEO",
    "Event::69_Learn_using_Mural_for_online_workshops_-_Part_1:_Navigate_-_Add_&_format_content",
    "Event::82_Metis_Corporate_Training_Series:_Intro_to_Python_Pt._3",
    "Event::112_Noisebridge_Extended_Tour",
    "Event::117_COVID-19,_robots_and_us_*RSVP_Eventbrite",
    "Event::79_[curso_online]_Design_Thinking_em_tempos_de_isolamento_social",
    "Event::196_[Mini_Data_Science_Boot_Camp]_Part_2_-_Cleaning,_Statistics_and_Visualizing_Data",
    "Event::102_Introduction_to_Knowledge_Graphs_with_Grakn_and_Graql",
    "Event::29_Online_Workshop:_Kubernetes,_Docker,_Containers_for_Beginners",
    "Event::30_Lean_Agile_Mindset_in_Times_of_Crisis_5of5",
    "Event::15_ONLINE!_Enterprise_Agility_Masterclass_(ICP-ENT)_-_Georg_Fasching_&_Sam_Kiani",
    "Event::159_Online_Workshop:_Microsoft_Commercial_Marketplace_Roadmap:_April_Updates",
    "Event::200_A_Tour_of_Caliban:_FP_GraphQL_in_Scala_&_Understanding_Scala's_Type_System",
    "Event::22_Firebase_Study_Jam_2020",
    "Event::177_SFDUG_-_April_23,_2020_-_Virtual_Happy_Hour_and_Drupal_Help_Desk",
    "Event::122_Virtual_Training_|_Spark_NLP_for_Data_Scientists",
    "Event::75_Office_Hours_With_Chris_Sims",
    "Event::202_[Online]_Blogging_with_Gatsby:_An_Introduction_to_Gatsby",
    "Event::33_Meet_the_Legal_Techs_of_the_Future-Law_Digitale_Initiative_\"Corona\"",
    "Event::11_Agile-Lean_Ireland_2020",
    "Event::101_Webinar:_Coronavirus_and_your_job_search",
    "Event::150_Deep_Learning_Study_Group",
    "Event::129_The_Why_and_How_of_Streaming-First_Data_Architectures",
    "Event::68_SAS_UK_User_Webinar_Series_-Python_integration_using_SWAT_&_other_tips...",
    "Event::88_COVID-19_@_F50_Global_Insights:_Elevating_HealthTech_Innovation_on_Zoom_Youtube",
    "Event::44_Workflowy_|_Show_and_Tell_met_Martijn_Aslander",
    "Event::50_Software_Engineer_Hiring_Event_-_Online_Townhall_Meeting",
    "Event::161_Online_Workshop_-_Building_and_deploying_a_Django_app",
    "Event::215_??_Female_Traveler_Connection:_Free_Dinner,_BYOB_&_Pub_Crawl_??",
    "Event::155_ディープラーニング／機械学習_オンライン勉強会_「みんなでやろうDLの会」",
    "Event::58_Webinar_(Arabic):_Deploy_a_Python_App_Using_Red_Hat_OpenShift",
    "Event::4_Certified_Ethical_Hacker_(CEH)",
    "Event::134_Webinar:_The_Science_Behind_Netflix_Recommendations",
    "Event::145_How_Agile_+_Product_Management_helps_build_the_RIGHT_things_the_RIGHT_Way",
    "Event::178_How_To_Build_Your_Business_on_IBM_Cloud_-_AI",
    "Event::100_A_Kafkaesque_Raft_Protocol_(and_other_KIP-500_updates)",
    "Event::110_General_Meeting:_Agile_from_the_Center_-_Succeeding_at_Scale",
    "Event::146_JAMstack_SF_Meetup_-_April_-_VIRTUAL_MEETUP!",
    "Event::12_KubeFlow,_TFX,_GPU_TPU,_Spark,_TensorFlow,_Kubernetes,_Kafka,_Scikit",
    "Event::176_Deep_Learning_Crash_Course-_session2",
    "Event::179_[Online_Talk]_ML_Testing:_Survey,_Landscapes_and_Horizons,_the_Cliff_Notes",
    "Event::65_IBM_BPM_Low_Code_Development",
    "Event::52_Advanced_Threat_Intel_&_Proper_Incident_Qualification_using_AI",
    "Event::14_Fullstack_Coding_Bootcamp_Across_the_Border_from_Hong_Kong",
    "Event::81_Online_Workshop:_Meet_the_Azure_Leaders_series_–_Azure_Linux_VMs_and_Workloads",
    "Event::157_MSHOWTO_&_Traefik_Series_Part_I:_Migrating_to_2.x",
    "Event::119_Product_Management_Live_Chat_by_Amazon_Web_Services_Senior_PM",
    "Event::188_Documentation_templates_for_fun_and_profit",
    "Event::165_Mobile_Growth_Online_with_TELUS_and_Dashlane",
    "Event::209_Analytics_and_Data_Science_Standardization_and_Assessment_Framework",
    "Event::106_Women's_Javascript_Study_Group:_Intro_to_JS_and_React",
    "Event::93_Product_Management_Live_Chat_by_Amazon_Web_Services_Senior_PM",
    "Event::105_Machine_Learning_&_Complex_Systems_with_Founding_Engineer_for_Tesla's_Autopilot",
    "Event::138_The_foundation_for_digital_transformation:_creating_a_baseline",
    "Event::6_Agile_&_Coffee_(Blagnac)",
    "Event::8_Android_Makers_Virtual_Edition_2020",
    "Event::73_[Webinar]_Haifa_Volunteer_WordPress_Help_Desk",
    "Event::123_Workshop:_Machine_Learning_with_Apache_Cassandra™",
    "Event::152_4_22:_Bestselling_Author_on_Product_Management_for_Subscription_Products",
    "Event::103_SVHealth_Monthly_Meetup_–_Networking,_StartUps_and_Keynote",
    "Event::77_CPHUX_Webinar____How_to_make_a_oneliner_which_describes_you_best",
    "Event::136_Harvesting_Energy_to_Boost_Battery_Life",
    "Event::84_ONLINE_EVENT:_Making_the_Most_of_Helm_3_with_Codefresh",
    "Event::130_WordPress_Wednesday_(Remote!)",
    "Event::137_WiBD_Online_Event:_Create_a_Life_That_Totally_Rocks",
    "Event::168_The_Future_of_Compose",
    "Event::184_Stay-at-home_FHIR®_meetup_#1",
    "Event::185_AI_Apps_-_Power_of_AI_to_the_SMBs",
    "Event::166_Online_workshop:_Unsupervised_Learning_and_Deep_Learning_Based_Forecasting",
    "Event::158_Free_Webinar_:_Fantastic_Vulnerabilities_and_Where_to_Find_Them_-_AppSec_Edition",
    "Event::41_Why_the_world_needs_DeFi_with_Alex_Batlin_&_CryptoMondays_London",
    "Event::131_Virtual_Workshop:_Heterogeneous_Parallel_Programming_using_oneAPI",
    "Event::86_Stanford_HPC-AI_Advisory_Council_Conference_~_a_virtual_experience",
    "Event::142_Online_Event|_Social_Entrepreneurship_with_Annie_Parker_and_Shaloo_Garg",
    "Event::191_Learn_PyTorch_and_Review_Deep_Learning_Papers",
    "Event::194_Startups_seeking_cofounders_and_recruiting_top_talents",
    "Event::54_Online_Presentation_|_Trade_Mark_Registration,_what_is_it_&_why_should_I_bother?",
    "Event::76_Ogarnięty_Scrum_Master_-_czyli_jak_przygotować_się_do_zdarzeń_Scrum?",
    "Event::218_Silicon_Valley_Entrepreneurs_Toastmasters_VIRTUAL_Open_Meeting",
    "Event::60_Creating_Shape_Maps_in_Power_BI_(Option_1)",
    "Event::140_Online_BACE_event:_Epigenomics_of_Immunity_-_from_Flu_to_COVID-19",
    "Event::104_The_Product_and_Innovation_Unconference_-_April_2020",
    "Event::139_How_I_Became_A_Software_Engineer_In_3_Months_[LIVE_ONLINE]",
    "Event::149_Virtual_SF_Civic_Hack_Night",
    "Event::147_Online_Agile_Peer_Coaching_Mentoring_Group",
    "Event::167_Augmenting_Web_Standards",
    "Event::213_Startups_seeking_cofounders_and_recruiting_top_talents",
    "Event::24_ONLINE:_Southwest_CMG_–_Performance_&_Cost_Optimization",
    "Event::61_CATCH_UP_|_LCU_Community_Project_|_Digital_Identity_SSI",
    "Event::0_Webinar:_PM_in_a_Startup_Setting_by_Alexa_Product_Lead",
    "Event::66_Startup_Sales_&_Marketing_Tips",
    "Event::7_Women_in_Data_Science_(WiDS)_PSU_Riyadh,March_2,2020",
    "Event::187_Introduction_to_KUDO_–_Kubernetes_operators_the_easy_way",
    "Event::67_Forward_and_Reverse",
    "Event::80_Webinar:_Thinking_Raw_by_Expedia_Group_Global_PM",
    "Event::47_Meet_Dave_Snowden",
    "Event::89_GitOps_powered_management_for_multi-cluster_Kubernetes_across_any_cloud",
    "Event::121_Imagecon_2020",
    "Event::36_Fighting_It_Together_|_Virtual_Hackathon_Kickoff",
    "Event::45_[1_hr_Free]_PipelineAI,_GPU,_TPU,_Spark,_TensorFlow,_Kubernetes,_Kafka,_Scikit",
    "Event::92_DOGCAST!_-_Digital_Transformation_-_Stage_3",
    "Event::180_Thinkful_Webinar_|_Free_Crash_Course:_HTML_&_CSS",
    "Event::18_DataArt_Online_Week",
    "Event::126_Limited_Legal_Personhood_for_AI",
    "Event::206_Competitive_programming,_with_Lewin_Gan",
    "Event::182_Beyond_SQL_|_comparing_SQL_to_Graql",
    "Event::26_Online_Python_Immersive_•_Start_a_Career_with_Python_(1_Week_Course)",
    "Event::74_Ethical_and_Trustworthy_AI_in_Finance",
    "Event::95_***VIRTUAL***_MADE_Coworking",
    "Event::111_OpenOakland_Civic_Hack_Night",
    "Event::48_ZK-TOR_0x03_-_At_Home_Edition_-_MPC-in-the-Head,_another_ZK_approach",
    "Event::199_SDC_Social_Mixer",
    "Event::207_Advanced_Scrum_Case_Study_--_online",
    "Event::219_Tile_Tech_Talks",
    "Event::83_AWS_Machine_learning_SuperPowers",
    "Event::192_[Online_Event]_Talkin'_Security_Part_2_-_April_2020",
    "Event::217_AT&T_2020_Tech_Film_Competition-$50K+_in_Prizes-No_Entry_Fee!_April_30_deadline",
    "Event::78_Initiation_au_Design_Thinking_-_atelier_à_distance",
    "Event::59_#AI_Predictive_Analytic_Automation_tools_ONLINE_FREE_EVENT_|_IBM",
    "Event::208_(Virtual)_Leadership_Team_Planning_Meeting_(Wizard-Council)",
    "Event::163_Serverless_for_the_masses:_use_serverless_without_even_knowing_it!",
    "Event::193_BayPiggies_online:_Lightning_Talks_and_Data_Workspaces",
    "Event::55_CTO's_in_London_with_Michael_Anderson:_Leading_your_Team_Through_this_Crisis.",
    "Event::141_Machine_Learning_in_Databases:_Learned_Indexes,_Hash_Tables,_and_B-Trees",
    "Event::5_A4Q_AI_&_SOFTWARE_TESTING",
    "Event::70_How_to_Break_Into_Product_Management_Without_Prior_Experience_-_Webinar",
    "Event::49_[Online_session]_How_to_set_up_the_Growth_Engine_for_your_Startup",
    "Event::96_[Webinar]_Future_Focus:_Learning_at_Any_Age",
    "Event::144_SF_Decentralized_Governance_Meetup_w__MetaCartel",
    "Event::91_NEEDS_&_LEADS_-_Lifograph_Online_Networking_&_Business_Matching_($5_ticket)",
    "Event::31_Advice_on_Startup_Funding_and_Accelerators",
    "Event::170_Virtual_Meetup:_GraphQL,_Spring_Microservices,_R2DBC_&_Istio",
    "Event::174_Pitch_Your_Non-Deep_Tech_Startup_to_VC's_&_Angels_(On_Zoom)_+_Virtual_Networking",
    "Event::124_Online_meetup:_Kubernetes_vs_Red_Hat_OpenShift",
    "Event::148_Building_Products_People_Love",
    "Event::201_Bots_&_BBQ_-_Circuit_Launch_Oakland",
    "Event::116_Kombucha_Genomics_project_Zoom_call",
    "Event::175_Natural_Language_Processing",
    "Event::120_ONLINE_WEBINAR_-_Fully_Distributed_Working_in_a_SAFe_Environment",
    "Event::46_009_-_ORGA_-_Présentation_du_nouveau_site_vuemontreal.org",
    "Event::63_Certificate_Program_in_Deep_Reinforcement_Learning_(Online)_-_Session_1",
    "Event::204_KubeFlow_+Keras_TensorFlow_2.0_+TF_Extended_(TFX)_+Kubernetes_+Airflow_+PyTorch",
    "Event::87_JavaScript_Remote_Study,_San_Jose_Coding_Bootcamp",
    "Event::107_[Virtual]_Intro_to_APIs_with_JavaScript_:_Workshop",
    "Event::19_Online:_Introduction_to_Machine_Learning",
    "Event::173_Silicon_Valley_Entrepreneurs_Toastmasters_VIRTUAL_Open_Meeting"
  ]
}