{
  "nodes": [
    {
      "id": "Time::11:00:00",
      "attrs": {
        "type": "Time",
        "value": "11:00:00"
      }
    },
    {
      "id": "Date::2020-04-23T11:00:00",
      "attrs": {
        "type": "Date",
        "value": "2020-04-23T11:00:00"
      }
    },
    {
      "id": "Date::2020-04-20T07:00:00",
      "attrs": {
        "type": "Date",
        "value": "2020-04-20T07:00:00"
      }
    },
    {
      "id": "OccasionType::Technology,business",
      "attrs": {
        "type": "OccasionType",
        "name": "Technology,business"
      }
    },
    {
      "id": "Venue::San-Francisco",
      "attrs": {
        "type": "Venue",
        "name": "San-Francisco"
      }
    },
    {
      "id": "Host::Silicon_Valley_Postgres",
      "attrs": {
        "type": "Host",
        "name": "Silicon Valley Postgres"
      }
    },
    {
      "id": "Event::1_Live_SouJava-_Microservice_Patterns_-_Implemented_by_Eclipse_Microprofile",
      "attrs": {
        "type": "Event",
        "title": "Live SouJava- Microservice Patterns - Implemented by Eclipse Microprofile",
        "datetime": "2020-04-20T07:00:00",
        "date_raw": "2020-04-20 00:00:00",
        "time_raw": "07:00:00"
      }
    },
    {
      "id": "Host::SouJava",
      "attrs": {
        "type": "Host",
        "name": "SouJava"
      }
    },
    {
      "id": "Event::170_Virtual_Meetup:_GraphQL,_Spring_Microservices,_R2DBC_&_Istio",
      "attrs": {
        "type": "Event",
        "title": "Virtual Meetup: GraphQL, Spring Microservices, R2DBC & Istio",
        "datetime": "2020-04-23T11:00:00",
        "date_raw": "2020-04-23 00:00:00",
        "time_raw": "11:00:00"
      }
    },
    {
      "id": "Time::07:00:00",
      "attrs": {
        "type": "Time",
        "value": "07:00:00"
      }
    }
  ],
  "edges": [
    {
      "source": "Event::1_Live_SouJava-_Microservice_Patterns_-_Implemented_by_Eclipse_Microprofile",
      "target": "Date::2020-04-20T07:00:00",
      "key": 0,
      "attrs": {
        "relation": "Event-occursOn-Date"
      }
    },
    {
      "source": "Event::1_Live_SouJava-_Microservice_Patterns_-_Implemented_by_Eclipse_Microprofile",
      "target": "Time::07:00:00",
      "key": 0,
      "attrs": {
        "relation": "Event-scheduledAt-Time"
      }
    },
    {
      "source": "Event::1_Live_SouJava-_Microservice_Patterns_-_Implemented_by_Eclipse_Microprofile",
      "target": "Venue::San-Francisco",
      "key": 0,
      "attrs": {
        "relation": "Event-heldAt-Venue"
      }
    },
    {
      "source": "Event::1_Live_SouJava-_Microservice_Patterns_-_Implemented_by_Eclipse_Microprofile",
      "target": "Host::SouJava",
      "key": 0,
      "attrs": {
        "relation": "Event-hostedBy-Host"
      }
    },
    {
      "source": "Event::1_Live_SouJava-_Microservice_Patterns_-_Implemented_by_Eclipse_Microprofile",
      "target": "OccasionType::Technology,business",
      "key": 0,
      "attrs": {
        "relation": "Event-for-OccasionType"
      }
    },
    {
      "source": "Event::170_Virtual_Meetup:_GraphQL,_Spring_Microservices,_R2DBC_&_Istio",
      "target": "Date::2020-04-23T11:00:00",
      "key": 0,
      "attrs": {
        "relation": "Event-occursOn-Date"
      }
    },
    {
      "source": "Event::170_Virtual_Meetup:_GraphQL,_Spring_Microservices,_R2DBC_&_Istio",
      "target": "Time::11:00:00",
      "key": 0,
      "attrs": {
        "relation": "Event-scheduledAt-Time"
      }
    },
    {
      "source": "Event::170_Virtual_Meetup:_GraphQL,_Spring_Microservices,_R2DBC_&_Istio",
      "target": "Venue::San-Francisco",
      "key": 0,
      "attrs": {
        "relation": "Event-heldAt-Venue"
      }
    },
    {
      "source": "Event::170_Virtual_Meetup:_GraphQL,_Spring_Microservices,_R2DBC_&_Istio",
      "target": "Host::Silicon_Valley_Postgres",
      "key": 0,
      "attrs": {
        "relation": "Event-hostedBy-Host"
      }
    },
    {
      "source": "Event::170_Virtual_Meetup:_GraphQL,_Spring_Microservices,_R2DBC_&_Istio",
      "target": "OccasionType::Technology,business",
      "key": 0,
      "attrs": {
        "relation": "Event-for-OccasionType"
      }
    }
  ]
}