source,target,relation
Event::1_Live_SouJava-_Microservice_Patterns_-_Implemented_by_Eclipse_Microprofile,Date::2020-04-20T07:00:00,Event-occursOn-Date
Event::1_Live_SouJava-_Microservice_Patterns_-_Implemented_by_Eclipse_Microprofile,Time::07:00:00,Event-scheduledAt-Time
Event::1_Live_SouJava-_Microservice_Patterns_-_Implemented_by_Eclipse_Microprofile,Venue::San-Francisco,Event-heldAt-Venue
Event::1_Live_SouJava-_Microservice_Patterns_-_Implemented_by_Eclipse_Microprofile,Host::SouJava,Event-hostedBy-Host
Event::1_Live_SouJava-_Microservice_Patterns_-_Implemented_by_Eclipse_Microprofile,"OccasionType::Technology,business",Event-for-OccasionType
"Event::170_Virtual_Meetup:_GraphQL,_Spring_Microservices,_R2DBC_&_Istio",Date::2020-04-23T11:00:00,Event-occursOn-Date
"Event::170_Virtual_Meetup:_GraphQL,_Spring_Microservices,_R2DBC_&_Istio",Time::11:00:00,Event-scheduledAt-Time
"Event::170_Virtual_Meetup:_GraphQL,_Spring_Microservices,_R2DBC_&_Istio",Venue::San-Francisco,Event-heldAt-Venue
"Event::170_Virtual_Meetup:_GraphQL,_Spring_Microservices,_R2DBC_&_Istio",Host::Silicon_Valley_Postgres,Event-hostedBy-Host
"Event::170_Virtual_Meetup:_GraphQL,_Spring_Microservices,_R2DBC_&_Istio","OccasionType::Technology,business",Event-for-OccasionType
